smile_A,mol_fraction_A,smile_B,mol_fraction_B
CCCCCCCCCCCCOS(=O)(=O)[O-],0.0,CCCCCCCCCCCCCCCC[N+](C)(C)C,1.0
CCCCCCCCCCCCOS(=O)(=O)[O-],0.1,CCCCCCCCCCCCCCCC[N+](C)(C)C,0.9
CCCCCCCCCCCCOS(=O)(=O)[O-],0.2,CCCCCCCCCCCCCCCC[N+](C)(C)C,0.8
CCCCCCCCCCCCOS(=O)(=O)[O-],0.3,CCCCCCCCCCCCCCCC[N+](C)(C)C,0.7
CCCCCCCCCCCCOS(=O)(=O)[O-],0.4,CCCCCCCCCCCCCCCC[N+](C)(C)C,0.6
CCCCCCCCCCCCOS(=O)(=O)[O-],0.5,CCCCCCCCCCCCCCCC[N+](C)(C)C,0.5
CCCCCCCCCCCCOS(=O)(=O)[O-],0.6,CCCCCCCCCCCCCCCC[N+](C)(C)C,0.4
CCCCCCCCCCCCOS(=O)(=O)[O-],0.7,CCCCCCCCCCCCCCCC[N+](C)(C)C,0.3
CCCCCCCCCCCCOS(=O)(=O)[O-],0.8,CCCCCCCCCCCCCCCC[N+](C)(C)C,0.2
CCCCCCCCCCCCOS(=O)(=O)[O-],0.9,CCCCCCCCCCCCCCCC[N+](C)(C)C,0.1
CCCCCCCCCCCCOS(=O)(=O)[O-],1.0,CCCCCCCCCCCCCCCC[N+](C)(C)C,0.0
CCCCCCCCCCCCOS(=O)(=O)[O-],1.0,CCCCCCCCCCOS(=O)(=O)[O-],0.0
CCCCCCCCCCCCOS(=O)(=O)[O-],0.8,CCCCCCCCCCOS(=O)(=O)[O-],0.2
CCCCCCCCCCCCOS(=O)(=O)[O-],0.65,CCCCCCCCCCOS(=O)(=O)[O-],0.35
CCCCCCCCCCCCOS(=O)(=O)[O-],0.5,CCCCCCCCCCOS(=O)(=O)[O-],0.5
CCCCCCCCCCCCOS(=O)(=O)[O-],0.4,CCCCCCCCCCOS(=O)(=O)[O-],0.6
CCCCCCCCCCCCOS(=O)(=O)[O-],0.29,CCCCCCCCCCOS(=O)(=O)[O-],0.71
CCCCCCCCCCCCOS(=O)(=O)[O-],0.15,CCCCCCCCCCOS(=O)(=O)[O-],0.85
CCCCCCCCCCCCOS(=O)(=O)[O-],0.05,CCCCCCCCCCOS(=O)(=O)[O-],0.95
CCCCCCCCCCCCOS(=O)(=O)[O-],0.0,CCCCCCCCCCOS(=O)(=O)[O-],1.0
CCCCCCCCCCCCOS(=O)(=O)[O-],0.0,CCCCCCCCCCS(C)=O,1.0
CCCCCCCCCCCCOS(=O)(=O)[O-],0.2,CCCCCCCCCCS(C)=O,0.8
CCCCCCCCCCCCOS(=O)(=O)[O-],0.4,CCCCCCCCCCS(C)=O,0.6
CCCCCCCCCCCCOS(=O)(=O)[O-],0.7,CCCCCCCCCCS(C)=O,0.3
CCCCCCCCCCCCOS(=O)(=O)[O-],1.0,CCCCCCCCCCS(C)=O,0.0
CCCCCCCCCCOS(=O)(=O)[O-],0.0,CCCCCCCCCC[N+](C)(C)C,1.0
CCCCCCCCCCOS(=O)(=O)[O-],0.03,CCCCCCCCCC[N+](C)(C)C,0.97
CCCCCCCCCCOS(=O)(=O)[O-],0.08,CCCCCCCCCC[N+](C)(C)C,0.92
CCCCCCCCCCOS(=O)(=O)[O-],0.16,CCCCCCCCCC[N+](C)(C)C,0.84
CCCCCCCCCCOS(=O)(=O)[O-],0.28,CCCCCCCCCC[N+](C)(C)C,0.72
CCCCCCCCCCOS(=O)(=O)[O-],0.48,CCCCCCCCCC[N+](C)(C)C,0.52
CCCCCCCCCCOS(=O)(=O)[O-],0.7,CCCCCCCCCC[N+](C)(C)C,0.3
CCCCCCCCCCOS(=O)(=O)[O-],0.8,CCCCCCCCCC[N+](C)(C)C,0.2
CCCCCCCCCCOS(=O)(=O)[O-],0.9,CCCCCCCCCC[N+](C)(C)C,0.1
CCCCCCCCCCOS(=O)(=O)[O-],1.0,CCCCCCCCCC[N+](C)(C)C,0.0
CCCCCCCCCCCCOS(=O)(=O)[O-],1.0,CCCCCCCC(=O)N(C)CC(O)C(O)C(O)C(O)CO,0.0
CCCCCCCCCCCCOS(=O)(=O)[O-],0.8,CCCCCCCC(=O)N(C)CC(O)C(O)C(O)C(O)CO,0.2
CCCCCCCCCCCCOS(=O)(=O)[O-],0.6,CCCCCCCC(=O)N(C)CC(O)C(O)C(O)C(O)CO,0.4
CCCCCCCCCCCCOS(=O)(=O)[O-],0.4,CCCCCCCC(=O)N(C)CC(O)C(O)C(O)C(O)CO,0.6
CCCCCCCCCCCCOS(=O)(=O)[O-],0.2,CCCCCCCC(=O)N(C)CC(O)C(O)C(O)C(O)CO,0.8
CCCCCCCCCCCCOS(=O)(=O)[O-],0.0,CCCCCCCC(=O)N(C)CC(O)C(O)C(O)C(O)CO,1.0
CCCCCCCCCCCCOS(=O)(=O)[O-],1.0,CCCCCCCCC(=O)N(C)CC(O)C(O)C(O)C(O)CO,0.0
CCCCCCCCCCCCOS(=O)(=O)[O-],0.8,CCCCCCCCC(=O)N(C)CC(O)C(O)C(O)C(O)CO,0.2
CCCCCCCCCCCCOS(=O)(=O)[O-],0.6,CCCCCCCCC(=O)N(C)CC(O)C(O)C(O)C(O)CO,0.4
CCCCCCCCCCCCOS(=O)(=O)[O-],0.4,CCCCCCCCC(=O)N(C)CC(O)C(O)C(O)C(O)CO,0.6
CCCCCCCCCCCCOS(=O)(=O)[O-],0.2,CCCCCCCCC(=O)N(C)CC(O)C(O)C(O)C(O)CO,0.8
CCCCCCCCCCCCOS(=O)(=O)[O-],0.0,CCCCCCCCC(=O)N(C)CC(O)C(O)C(O)C(O)CO,1.0
CCCCCCCCCCCCOS(=O)(=O)[O-],1.0,CCCCCCCCCC(=O)N(C)CC(O)C(O)C(O)C(O)CO,0.0
CCCCCCCCCCCCOS(=O)(=O)[O-],0.8,CCCCCCCCCC(=O)N(C)CC(O)C(O)C(O)C(O)CO,0.2
CCCCCCCCCCCCOS(=O)(=O)[O-],0.6,CCCCCCCCCC(=O)N(C)CC(O)C(O)C(O)C(O)CO,0.4
CCCCCCCCCCCCOS(=O)(=O)[O-],0.4,CCCCCCCCCC(=O)N(C)CC(O)C(O)C(O)C(O)CO,0.6
CCCCCCCCCCCCOS(=O)(=O)[O-],0.2,CCCCCCCCCC(=O)N(C)CC(O)C(O)C(O)C(O)CO,0.8
CCCCCCCCCCCCOS(=O)(=O)[O-],0.0,CCCCCCCCCC(=O)N(C)CC(O)C(O)C(O)C(O)CO,1.0
O=C([O-])C(F)(F)C(F)(F)C(F)(F)C(F)(F)C(F)(F)C(F)(F)C(F)(F)F,0.0,CCCCCCCCCCOS(=O)(=O)[O-],1.0
O=C([O-])C(F)(F)C(F)(F)C(F)(F)C(F)(F)C(F)(F)C(F)(F)C(F)(F)F,0.25,CCCCCCCCCCOS(=O)(=O)[O-],0.75
O=C([O-])C(F)(F)C(F)(F)C(F)(F)C(F)(F)C(F)(F)C(F)(F)C(F)(F)F,0.4,CCCCCCCCCCOS(=O)(=O)[O-],0.6
O=C([O-])C(F)(F)C(F)(F)C(F)(F)C(F)(F)C(F)(F)C(F)(F)C(F)(F)F,0.5,CCCCCCCCCCOS(=O)(=O)[O-],0.5
O=C([O-])C(F)(F)C(F)(F)C(F)(F)C(F)(F)C(F)(F)C(F)(F)C(F)(F)F,0.6,CCCCCCCCCCOS(=O)(=O)[O-],0.4
O=C([O-])C(F)(F)C(F)(F)C(F)(F)C(F)(F)C(F)(F)C(F)(F)C(F)(F)F,0.75,CCCCCCCCCCOS(=O)(=O)[O-],0.25
O=C([O-])C(F)(F)C(F)(F)C(F)(F)C(F)(F)C(F)(F)C(F)(F)C(F)(F)F,1.0,CCCCCCCCCCOS(=O)(=O)[O-],0.0
CCCCCCCCCCP(C)(C)=O,1.0,CCCCCCCCCCS(C)=O,0.0
CCCCCCCCCCP(C)(C)=O,0.89,CCCCCCCCCCS(C)=O,0.11
CCCCCCCCCCP(C)(C)=O,0.75,CCCCCCCCCCS(C)=O,0.25
CCCCCCCCCCP(C)(C)=O,0.64,CCCCCCCCCCS(C)=O,0.36
CCCCCCCCCCP(C)(C)=O,0.5,CCCCCCCCCCS(C)=O,0.5
CCCCCCCCCCP(C)(C)=O,0.39,CCCCCCCCCCS(C)=O,0.61
CCCCCCCCCCP(C)(C)=O,0.25,CCCCCCCCCCS(C)=O,0.75
CCCCCCCCCCP(C)(C)=O,0.12,CCCCCCCCCCS(C)=O,0.88
CCCCCCCCCCP(C)(C)=O,0.0,CCCCCCCCCCS(C)=O,1.0
CCCCCCCCCCCC[N+](C)(C)C,0.0,CCCCCCCCCC[N+](C)(C)C,1.0
CCCCCCCCCCCC[N+](C)(C)C,0.1,CCCCCCCCCC[N+](C)(C)C,0.9
CCCCCCCCCCCC[N+](C)(C)C,0.2,CCCCCCCCCC[N+](C)(C)C,0.8
CCCCCCCCCCCC[N+](C)(C)C,0.3,CCCCCCCCCC[N+](C)(C)C,0.7
CCCCCCCCCCCC[N+](C)(C)C,0.45,CCCCCCCCCC[N+](C)(C)C,0.55
CCCCCCCCCCCC[N+](C)(C)C,0.6,CCCCCCCCCC[N+](C)(C)C,0.4
CCCCCCCCCCCC[N+](C)(C)C,0.8,CCCCCCCCCC[N+](C)(C)C,0.2
CCCCCCCCCCCC[N+](C)(C)C,1.0,CCCCCCCCCC[N+](C)(C)C,0.0
CCCCCC(=O)[O-],1.0,CCCCCCC(=O)[O-],0.0
CCCCCC(=O)[O-],0.95,CCCCCCC(=O)[O-],0.05
CCCCCC(=O)[O-],0.9,CCCCCCC(=O)[O-],0.1
CCCCCC(=O)[O-],0.85,CCCCCCC(=O)[O-],0.15
CCCCCC(=O)[O-],0.75,CCCCCCC(=O)[O-],0.25
CCCCCC(=O)[O-],0.7,CCCCCCC(=O)[O-],0.3
CCCCCC(=O)[O-],0.6,CCCCCCC(=O)[O-],0.4
CCCCCC(=O)[O-],0.5,CCCCCCC(=O)[O-],0.5
CCCCCC(=O)[O-],0.35,CCCCCCC(=O)[O-],0.65
CCCCCC(=O)[O-],0.23,CCCCCCC(=O)[O-],0.77
CCCCCC(=O)[O-],0.0,CCCCCCC(=O)[O-],1.0
CCCCCC(=O)[O-],1.0,CCCCCCCC(=O)[O-],0.0
CCCCCC(=O)[O-],0.95,CCCCCCCC(=O)[O-],0.05
CCCCCC(=O)[O-],0.88,CCCCCCCC(=O)[O-],0.12
CCCCCC(=O)[O-],0.75,CCCCCCCC(=O)[O-],0.25
CCCCCC(=O)[O-],0.55,CCCCCCCC(=O)[O-],0.45
CCCCCC(=O)[O-],0.3,CCCCCCCC(=O)[O-],0.7
CCCCCC(=O)[O-],0.0,CCCCCCCC(=O)[O-],1.0
CCCCCC(=O)[O-],1.0,CCCCCCCCCC(=O)[O-],0.0
CCCCCC(=O)[O-],0.983884121,CCCCCCCCCC(=O)[O-],0.016115879
CCCCCC(=O)[O-],0.964186247,CCCCCCCCCC(=O)[O-],0.035813753
CCCCCC(=O)[O-],0.912035708,CCCCCCCCCC(=O)[O-],0.087964292
CCCCCC(=O)[O-],0.784799542,CCCCCCCCCC(=O)[O-],0.215200458
CCCCCC(=O)[O-],0.646538678,CCCCCCCCCC(=O)[O-],0.353461322
CCCCCC(=O)[O-],0.397432112,CCCCCCCCCC(=O)[O-],0.602567888
CCCCCC(=O)[O-],0.202462183,CCCCCCCCCC(=O)[O-],0.797537817
CCCCCC(=O)[O-],0.003216569,CCCCCCCCCC(=O)[O-],0.996783431
CCCCCC(=O)[O-],1.0,CCCCCCCCCCC(=O)[O-],0.0
CCCCCC(=O)[O-],0.991700508,CCCCCCCCCCC(=O)[O-],0.008299492
CCCCCC(=O)[O-],0.979288432,CCCCCCCCCCC(=O)[O-],0.020711568
CCCCCC(=O)[O-],0.957133744,CCCCCCCCCCC(=O)[O-],0.042866256
CCCCCC(=O)[O-],0.899755764,CCCCCCCCCCC(=O)[O-],0.100244236
CCCCCC(=O)[O-],0.738768331,CCCCCCCCCCC(=O)[O-],0.261231669
CCCCCC(=O)[O-],0.506772757,CCCCCCCCCCC(=O)[O-],0.493227243
CCCCCC(=O)[O-],0.273404258,CCCCCCCCCCC(=O)[O-],0.726595742
CCCCCC(=O)[O-],0.122580605,CCCCCCCCCCC(=O)[O-],0.877419395
CCCCCC(=O)[O-],0.004465622,CCCCCCCCCCC(=O)[O-],0.995534378
CCCCCC(=O)[O-],1.0,CCCCCCCCCCCCCC(=O)[O-],0.0
CCCCCC(=O)[O-],0.9910254,CCCCCCCCCCCCCC(=O)[O-],0.0089746
CCCCCC(=O)[O-],0.98930563,CCCCCCCCCCCCCC(=O)[O-],0.01069437
CCCCCC(=O)[O-],0.983318434,CCCCCCCCCCCCCC(=O)[O-],0.016681566
CCCCCC(=O)[O-],0.95040331,CCCCCCCCCCCCCC(=O)[O-],0.04959669
CCCCCC(=O)[O-],0.689966492,CCCCCCCCCCCCCC(=O)[O-],0.310033508
CCCCCC(=O)[O-],0.453827366,CCCCCCCCCCCCCC(=O)[O-],0.546172634
CCCCCC(=O)[O-],0.234774458,CCCCCCCCCCCCCC(=O)[O-],0.765225542
CCCCCC(=O)[O-],0.002919274,CCCCCCCCCCCCCC(=O)[O-],0.997080726
CC(CCC(=O)[O-])C1CCC2C3CCC4CC(O)CCC4(C)C3CC(O)C12C,0.0,CC(C)(C)CC(C)(C)c1ccc(OCCOCCOCCOCCOCCOCCOCCOCCO)cc1,1.0
CC(CCC(=O)[O-])C1CCC2C3CCC4CC(O)CCC4(C)C3CC(O)C12C,0.17,CC(C)(C)CC(C)(C)c1ccc(OCCOCCOCCOCCOCCOCCOCCOCCO)cc1,0.83
CC(CCC(=O)[O-])C1CCC2C3CCC4CC(O)CCC4(C)C3CC(O)C12C,0.33,CC(C)(C)CC(C)(C)c1ccc(OCCOCCOCCOCCOCCOCCOCCOCCO)cc1,0.67
CC(CCC(=O)[O-])C1CCC2C3CCC4CC(O)CCC4(C)C3CC(O)C12C,0.5,CC(C)(C)CC(C)(C)c1ccc(OCCOCCOCCOCCOCCOCCOCCOCCO)cc1,0.5
CC(CCC(=O)[O-])C1CCC2C3CCC4CC(O)CCC4(C)C3CC(O)C12C,0.67,CC(C)(C)CC(C)(C)c1ccc(OCCOCCOCCOCCOCCOCCOCCOCCO)cc1,0.33
CC(CCC(=O)[O-])C1CCC2C3CCC4CC(O)CCC4(C)C3CC(O)C12C,0.83,CC(C)(C)CC(C)(C)c1ccc(OCCOCCOCCOCCOCCOCCOCCOCCO)cc1,0.17
CC(CCC(=O)[O-])C1CCC2C3CCC4CC(O)CCC4(C)C3CC(O)C12C,1.0,CC(C)(C)CC(C)(C)c1ccc(OCCOCCOCCOCCOCCOCCOCCOCCO)cc1,0.0
CC(CCC(=O)[O-])C1CCC2C3CCC4CC(O)CCC4(C)C3CC(O)C12C,0.0,CCCCCCCCC=CCCCCCCCC(=O)[O-],1.0
CC(CCC(=O)[O-])C1CCC2C3CCC4CC(O)CCC4(C)C3CC(O)C12C,0.17,CCCCCCCCC=CCCCCCCCC(=O)[O-],0.83
CC(CCC(=O)[O-])C1CCC2C3CCC4CC(O)CCC4(C)C3CC(O)C12C,0.33,CCCCCCCCC=CCCCCCCCC(=O)[O-],0.67
CC(CCC(=O)[O-])C1CCC2C3CCC4CC(O)CCC4(C)C3CC(O)C12C,0.5,CCCCCCCCC=CCCCCCCCC(=O)[O-],0.5
CC(CCC(=O)[O-])C1CCC2C3CCC4CC(O)CCC4(C)C3CC(O)C12C,0.58,CCCCCCCCC=CCCCCCCCC(=O)[O-],0.42
CC(CCC(=O)[O-])C1CCC2C3CCC4CC(O)CCC4(C)C3CC(O)C12C,0.67,CCCCCCCCC=CCCCCCCCC(=O)[O-],0.33
CC(CCC(=O)[O-])C1CCC2C3CCC4CC(O)CCC4(C)C3CC(O)C12C,0.83,CCCCCCCCC=CCCCCCCCC(=O)[O-],0.17
CC(CCC(=O)[O-])C1CCC2C3CCC4CC(O)CCC4(C)C3CC(O)C12C,1.0,CCCCCCCCC=CCCCCCCCC(=O)[O-],0.0
CC(CCC(=O)[O-])C1CCC2C3CCC4CC(O)CCC4(C)C3CC(O)C12C,0.0,CCCCCCCC/C=C\CCCCCCCCOCCOCCOCCOCCOCCOCCOCCOCCOCCOCCO,1.0
CC(CCC(=O)[O-])C1CCC2C3CCC4CC(O)CCC4(C)C3CC(O)C12C,0.17,CCCCCCCC/C=C\CCCCCCCCOCCOCCOCCOCCOCCOCCOCCOCCOCCOCCO,0.83
CC(CCC(=O)[O-])C1CCC2C3CCC4CC(O)CCC4(C)C3CC(O)C12C,0.33,CCCCCCCC/C=C\CCCCCCCCOCCOCCOCCOCCOCCOCCOCCOCCOCCOCCO,0.67
CC(CCC(=O)[O-])C1CCC2C3CCC4CC(O)CCC4(C)C3CC(O)C12C,0.5,CCCCCCCC/C=C\CCCCCCCCOCCOCCOCCOCCOCCOCCOCCOCCOCCOCCO,0.5
CC(CCC(=O)[O-])C1CCC2C3CCC4CC(O)CCC4(C)C3CC(O)C12C,0.58,CCCCCCCC/C=C\CCCCCCCCOCCOCCOCCOCCOCCOCCOCCOCCOCCOCCO,0.42
CC(CCC(=O)[O-])C1CCC2C3CCC4CC(O)CCC4(C)C3CC(O)C12C,0.67,CCCCCCCC/C=C\CCCCCCCCOCCOCCOCCOCCOCCOCCOCCOCCOCCOCCO,0.33
CC(CCC(=O)[O-])C1CCC2C3CCC4CC(O)CCC4(C)C3CC(O)C12C,0.83,CCCCCCCC/C=C\CCCCCCCCOCCOCCOCCOCCOCCOCCOCCOCCOCCOCCO,0.17
CC(CCC(=O)[O-])C1CCC2C3CCC4CC(O)CCC4(C)C3CC(O)C12C,1.0,CCCCCCCC/C=C\CCCCCCCCOCCOCCOCCOCCOCCOCCOCCOCCOCCOCCO,0.0
CCCCCCCCOC1OC(CO)C(O)C(O)C1O,0.0,O=S(=O)([O-])C(F)(F)C(F)(F)C(F)(F)C(F)(F)C(F)(F)C(F)(F)C(F)(F)C(F)(F)F,1.0
CCCCCCCCOC1OC(CO)C(O)C(O)C1O,0.2,O=S(=O)([O-])C(F)(F)C(F)(F)C(F)(F)C(F)(F)C(F)(F)C(F)(F)C(F)(F)C(F)(F)F,0.8
CCCCCCCCOC1OC(CO)C(O)C(O)C1O,0.4,O=S(=O)([O-])C(F)(F)C(F)(F)C(F)(F)C(F)(F)C(F)(F)C(F)(F)C(F)(F)C(F)(F)F,0.6
CCCCCCCCOC1OC(CO)C(O)C(O)C1O,0.6,O=S(=O)([O-])C(F)(F)C(F)(F)C(F)(F)C(F)(F)C(F)(F)C(F)(F)C(F)(F)C(F)(F)F,0.4
CCCCCCCCOC1OC(CO)C(O)C(O)C1O,0.8,O=S(=O)([O-])C(F)(F)C(F)(F)C(F)(F)C(F)(F)C(F)(F)C(F)(F)C(F)(F)C(F)(F)F,0.2
CCCCCCCCOC1OC(CO)C(O)C(O)C1O,1.0,O=S(=O)([O-])C(F)(F)C(F)(F)C(F)(F)C(F)(F)C(F)(F)C(F)(F)C(F)(F)C(F)(F)F,0.0
C[N+](CCO)(CCCO)CC(O)CC(F)(F)C(F)(F)C(F)(F)C(F)(F)C(F)(F)C(F)(F)C(F)(F)C(F)(F)F,0.0,CCCCCCCCCCOCCOCCOCCOCCOCCOCCOCCOCCO,1.0
C[N+](CCO)(CCCO)CC(O)CC(F)(F)C(F)(F)C(F)(F)C(F)(F)C(F)(F)C(F)(F)C(F)(F)C(F)(F)F,0.2,CCCCCCCCCCOCCOCCOCCOCCOCCOCCOCCOCCO,0.8
C[N+](CCO)(CCCO)CC(O)CC(F)(F)C(F)(F)C(F)(F)C(F)(F)C(F)(F)C(F)(F)C(F)(F)C(F)(F)F,0.3,CCCCCCCCCCOCCOCCOCCOCCOCCOCCOCCOCCO,0.7
C[N+](CCO)(CCCO)CC(O)CC(F)(F)C(F)(F)C(F)(F)C(F)(F)C(F)(F)C(F)(F)C(F)(F)C(F)(F)F,0.5,CCCCCCCCCCOCCOCCOCCOCCOCCOCCOCCOCCO,0.5
C[N+](CCO)(CCCO)CC(O)CC(F)(F)C(F)(F)C(F)(F)C(F)(F)C(F)(F)C(F)(F)C(F)(F)C(F)(F)F,0.7,CCCCCCCCCCOCCOCCOCCOCCOCCOCCOCCOCCO,0.3
C[N+](CCO)(CCCO)CC(O)CC(F)(F)C(F)(F)C(F)(F)C(F)(F)C(F)(F)C(F)(F)C(F)(F)C(F)(F)F,0.8,CCCCCCCCCCOCCOCCOCCOCCOCCOCCOCCOCCO,0.2
C[N+](CCO)(CCCO)CC(O)CC(F)(F)C(F)(F)C(F)(F)C(F)(F)C(F)(F)C(F)(F)C(F)(F)C(F)(F)F,0.9,CCCCCCCCCCOCCOCCOCCOCCOCCOCCOCCOCCO,0.1
C[N+](CCO)(CCCO)CC(O)CC(F)(F)C(F)(F)C(F)(F)C(F)(F)C(F)(F)C(F)(F)C(F)(F)C(F)(F)F,1.0,CCCCCCCCCCOCCOCCOCCOCCOCCOCCOCCOCCO,0.0
C[N+](CCO)(CCCO)CC(O)CC(F)(F)C(F)(F)C(F)(F)C(F)(F)C(F)(F)C(F)(F)C(F)(F)C(F)(F)F,0.0,CCCCCCCCCCCC[N+](C)(C)C,1.0
C[N+](CCO)(CCCO)CC(O)CC(F)(F)C(F)(F)C(F)(F)C(F)(F)C(F)(F)C(F)(F)C(F)(F)C(F)(F)F,0.02,CCCCCCCCCCCC[N+](C)(C)C,0.98
C[N+](CCO)(CCCO)CC(O)CC(F)(F)C(F)(F)C(F)(F)C(F)(F)C(F)(F)C(F)(F)C(F)(F)C(F)(F)F,0.055,CCCCCCCCCCCC[N+](C)(C)C,0.945
C[N+](CCO)(CCCO)CC(O)CC(F)(F)C(F)(F)C(F)(F)C(F)(F)C(F)(F)C(F)(F)C(F)(F)C(F)(F)F,0.1,CCCCCCCCCCCC[N+](C)(C)C,0.9
C[N+](CCO)(CCCO)CC(O)CC(F)(F)C(F)(F)C(F)(F)C(F)(F)C(F)(F)C(F)(F)C(F)(F)C(F)(F)F,0.2,CCCCCCCCCCCC[N+](C)(C)C,0.8
C[N+](CCO)(CCCO)CC(O)CC(F)(F)C(F)(F)C(F)(F)C(F)(F)C(F)(F)C(F)(F)C(F)(F)C(F)(F)F,0.3,CCCCCCCCCCCC[N+](C)(C)C,0.7
C[N+](CCO)(CCCO)CC(O)CC(F)(F)C(F)(F)C(F)(F)C(F)(F)C(F)(F)C(F)(F)C(F)(F)C(F)(F)F,0.5,CCCCCCCCCCCC[N+](C)(C)C,0.5
C[N+](CCO)(CCCO)CC(O)CC(F)(F)C(F)(F)C(F)(F)C(F)(F)C(F)(F)C(F)(F)C(F)(F)C(F)(F)F,0.6,CCCCCCCCCCCC[N+](C)(C)C,0.4
C[N+](CCO)(CCCO)CC(O)CC(F)(F)C(F)(F)C(F)(F)C(F)(F)C(F)(F)C(F)(F)C(F)(F)C(F)(F)F,0.7,CCCCCCCCCCCC[N+](C)(C)C,0.3
C[N+](CCO)(CCCO)CC(O)CC(F)(F)C(F)(F)C(F)(F)C(F)(F)C(F)(F)C(F)(F)C(F)(F)C(F)(F)F,0.8,CCCCCCCCCCCC[N+](C)(C)C,0.2
C[N+](CCO)(CCCO)CC(O)CC(F)(F)C(F)(F)C(F)(F)C(F)(F)C(F)(F)C(F)(F)C(F)(F)C(F)(F)F,0.9,CCCCCCCCCCCC[N+](C)(C)C,0.1
C[N+](CCO)(CCCO)CC(O)CC(F)(F)C(F)(F)C(F)(F)C(F)(F)C(F)(F)C(F)(F)C(F)(F)C(F)(F)F,1.0,CCCCCCCCCCCC[N+](C)(C)C,0.0
C[N+](CCO)(CCCO)CC(O)CC(F)(F)C(F)(F)C(F)(F)C(F)(F)C(F)(F)C(F)(F)C(F)(F)C(F)(F)F,0.0,CCCCCCCCCCCCOS(=O)(=O)[O-],1.0
C[N+](CCO)(CCCO)CC(O)CC(F)(F)C(F)(F)C(F)(F)C(F)(F)C(F)(F)C(F)(F)C(F)(F)C(F)(F)F,0.05,CCCCCCCCCCCCOS(=O)(=O)[O-],0.95
C[N+](CCO)(CCCO)CC(O)CC(F)(F)C(F)(F)C(F)(F)C(F)(F)C(F)(F)C(F)(F)C(F)(F)C(F)(F)F,0.1,CCCCCCCCCCCCOS(=O)(=O)[O-],0.9
C[N+](CCO)(CCCO)CC(O)CC(F)(F)C(F)(F)C(F)(F)C(F)(F)C(F)(F)C(F)(F)C(F)(F)C(F)(F)F,0.15,CCCCCCCCCCCCOS(=O)(=O)[O-],0.85
C[N+](CCO)(CCCO)CC(O)CC(F)(F)C(F)(F)C(F)(F)C(F)(F)C(F)(F)C(F)(F)C(F)(F)C(F)(F)F,0.8,CCCCCCCCCCCCOS(=O)(=O)[O-],0.2
C[N+](CCO)(CCCO)CC(O)CC(F)(F)C(F)(F)C(F)(F)C(F)(F)C(F)(F)C(F)(F)C(F)(F)C(F)(F)F,0.9,CCCCCCCCCCCCOS(=O)(=O)[O-],0.1
C[N+](CCO)(CCCO)CC(O)CC(F)(F)C(F)(F)C(F)(F)C(F)(F)C(F)(F)C(F)(F)C(F)(F)C(F)(F)F,0.95,CCCCCCCCCCCCOS(=O)(=O)[O-],0.05
C[N+](CCO)(CCCO)CC(O)CC(F)(F)C(F)(F)C(F)(F)C(F)(F)C(F)(F)C(F)(F)C(F)(F)C(F)(F)F,0.97,CCCCCCCCCCCCOS(=O)(=O)[O-],0.03
C[N+](CCO)(CCCO)CC(O)CC(F)(F)C(F)(F)C(F)(F)C(F)(F)C(F)(F)C(F)(F)C(F)(F)C(F)(F)F,1.0,CCCCCCCCCCCCOS(=O)(=O)[O-],0.0
C[N+](CCO)(CCCO)CC(O)CC(F)(F)C(F)(F)C(F)(F)C(F)(F)C(F)(F)C(F)(F)C(F)(F)C(F)(F)F,0.0,CCCCCCCCCCCCOCCOCCOCCOS(=O)(=O)[O-],1.0
C[N+](CCO)(CCCO)CC(O)CC(F)(F)C(F)(F)C(F)(F)C(F)(F)C(F)(F)C(F)(F)C(F)(F)C(F)(F)F,0.05,CCCCCCCCCCCCOCCOCCOCCOS(=O)(=O)[O-],0.95
C[N+](CCO)(CCCO)CC(O)CC(F)(F)C(F)(F)C(F)(F)C(F)(F)C(F)(F)C(F)(F)C(F)(F)C(F)(F)F,0.15,CCCCCCCCCCCCOCCOCCOCCOS(=O)(=O)[O-],0.85
C[N+](CCO)(CCCO)CC(O)CC(F)(F)C(F)(F)C(F)(F)C(F)(F)C(F)(F)C(F)(F)C(F)(F)C(F)(F)F,0.4,CCCCCCCCCCCCOCCOCCOCCOS(=O)(=O)[O-],0.6
C[N+](CCO)(CCCO)CC(O)CC(F)(F)C(F)(F)C(F)(F)C(F)(F)C(F)(F)C(F)(F)C(F)(F)C(F)(F)F,0.6,CCCCCCCCCCCCOCCOCCOCCOS(=O)(=O)[O-],0.4
C[N+](CCO)(CCCO)CC(O)CC(F)(F)C(F)(F)C(F)(F)C(F)(F)C(F)(F)C(F)(F)C(F)(F)C(F)(F)F,0.8,CCCCCCCCCCCCOCCOCCOCCOS(=O)(=O)[O-],0.2
C[N+](CCO)(CCCO)CC(O)CC(F)(F)C(F)(F)C(F)(F)C(F)(F)C(F)(F)C(F)(F)C(F)(F)C(F)(F)F,0.95,CCCCCCCCCCCCOCCOCCOCCOS(=O)(=O)[O-],0.05
C[N+](CCO)(CCCO)CC(O)CC(F)(F)C(F)(F)C(F)(F)C(F)(F)C(F)(F)C(F)(F)C(F)(F)C(F)(F)F,1.0,CCCCCCCCCCCCOCCOCCOCCOS(=O)(=O)[O-],0.0
C[N+](CCO)(CCCO)CC(O)CC(F)(F)C(F)(F)C(F)(F)C(F)(F)C(F)(F)C(F)(F)C(F)(F)C(F)(F)F,0.0,CCCCCCCCCCCCOCCOCCOCCOCCOCCOS(=O)(=O)[O-],1.0
C[N+](CCO)(CCCO)CC(O)CC(F)(F)C(F)(F)C(F)(F)C(F)(F)C(F)(F)C(F)(F)C(F)(F)C(F)(F)F,0.1,CCCCCCCCCCCCOCCOCCOCCOCCOCCOS(=O)(=O)[O-],0.9
C[N+](CCO)(CCCO)CC(O)CC(F)(F)C(F)(F)C(F)(F)C(F)(F)C(F)(F)C(F)(F)C(F)(F)C(F)(F)F,0.2,CCCCCCCCCCCCOCCOCCOCCOCCOCCOS(=O)(=O)[O-],0.8
C[N+](CCO)(CCCO)CC(O)CC(F)(F)C(F)(F)C(F)(F)C(F)(F)C(F)(F)C(F)(F)C(F)(F)C(F)(F)F,0.6,CCCCCCCCCCCCOCCOCCOCCOCCOCCOS(=O)(=O)[O-],0.4
C[N+](CCO)(CCCO)CC(O)CC(F)(F)C(F)(F)C(F)(F)C(F)(F)C(F)(F)C(F)(F)C(F)(F)C(F)(F)F,0.8,CCCCCCCCCCCCOCCOCCOCCOCCOCCOS(=O)(=O)[O-],0.2
C[N+](CCO)(CCCO)CC(O)CC(F)(F)C(F)(F)C(F)(F)C(F)(F)C(F)(F)C(F)(F)C(F)(F)C(F)(F)F,0.9,CCCCCCCCCCCCOCCOCCOCCOCCOCCOS(=O)(=O)[O-],0.1
C[N+](CCO)(CCCO)CC(O)CC(F)(F)C(F)(F)C(F)(F)C(F)(F)C(F)(F)C(F)(F)C(F)(F)C(F)(F)F,1.0,CCCCCCCCCCCCOCCOCCOCCOCCOCCOS(=O)(=O)[O-],0.0
C[N+](CCO)(CCCO)CC(O)CC(F)(F)C(F)(F)C(F)(F)C(F)(F)C(F)(F)C(F)(F)C(F)(F)C(F)(F)F,0.0,CCCCCCCCCCCCOCCOCCOCCOCCOCCOCCOCCOCCOS(=O)(=O)[O-],1.0
C[N+](CCO)(CCCO)CC(O)CC(F)(F)C(F)(F)C(F)(F)C(F)(F)C(F)(F)C(F)(F)C(F)(F)C(F)(F)F,0.1,CCCCCCCCCCCCOCCOCCOCCOCCOCCOCCOCCOCCOS(=O)(=O)[O-],0.9
C[N+](CCO)(CCCO)CC(O)CC(F)(F)C(F)(F)C(F)(F)C(F)(F)C(F)(F)C(F)(F)C(F)(F)C(F)(F)F,0.3,CCCCCCCCCCCCOCCOCCOCCOCCOCCOCCOCCOCCOS(=O)(=O)[O-],0.7
C[N+](CCO)(CCCO)CC(O)CC(F)(F)C(F)(F)C(F)(F)C(F)(F)C(F)(F)C(F)(F)C(F)(F)C(F)(F)F,0.6,CCCCCCCCCCCCOCCOCCOCCOCCOCCOCCOCCOCCOS(=O)(=O)[O-],0.4
C[N+](CCO)(CCCO)CC(O)CC(F)(F)C(F)(F)C(F)(F)C(F)(F)C(F)(F)C(F)(F)C(F)(F)C(F)(F)F,0.8,CCCCCCCCCCCCOCCOCCOCCOCCOCCOCCOCCOCCOS(=O)(=O)[O-],0.2
C[N+](CCO)(CCCO)CC(O)CC(F)(F)C(F)(F)C(F)(F)C(F)(F)C(F)(F)C(F)(F)C(F)(F)C(F)(F)F,0.9,CCCCCCCCCCCCOCCOCCOCCOCCOCCOCCOCCOCCOS(=O)(=O)[O-],0.1
C[N+](CCO)(CCCO)CC(O)CC(F)(F)C(F)(F)C(F)(F)C(F)(F)C(F)(F)C(F)(F)C(F)(F)C(F)(F)F,1.0,CCCCCCCCCCCCOCCOCCOCCOCCOCCOCCOCCOCCOS(=O)(=O)[O-],0.0
O=C(O)C(F)(F)C(F)(F)C(F)(F)C(F)(F)C(F)(F)C(F)(F)C(F)(F)C(F)(F)F,0.0,CCCCCCCCCCCCOS(=O)(=O)[O-],1.0
O=C(O)C(F)(F)C(F)(F)C(F)(F)C(F)(F)C(F)(F)C(F)(F)C(F)(F)C(F)(F)F,0.065,CCCCCCCCCCCCOS(=O)(=O)[O-],0.935
O=C(O)C(F)(F)C(F)(F)C(F)(F)C(F)(F)C(F)(F)C(F)(F)C(F)(F)C(F)(F)F,0.14,CCCCCCCCCCCCOS(=O)(=O)[O-],0.86
O=C(O)C(F)(F)C(F)(F)C(F)(F)C(F)(F)C(F)(F)C(F)(F)C(F)(F)C(F)(F)F,0.26,CCCCCCCCCCCCOS(=O)(=O)[O-],0.74
O=C(O)C(F)(F)C(F)(F)C(F)(F)C(F)(F)C(F)(F)C(F)(F)C(F)(F)C(F)(F)F,0.37,CCCCCCCCCCCCOS(=O)(=O)[O-],0.63
O=C(O)C(F)(F)C(F)(F)C(F)(F)C(F)(F)C(F)(F)C(F)(F)C(F)(F)C(F)(F)F,0.45,CCCCCCCCCCCCOS(=O)(=O)[O-],0.55
O=C(O)C(F)(F)C(F)(F)C(F)(F)C(F)(F)C(F)(F)C(F)(F)C(F)(F)C(F)(F)F,0.5,CCCCCCCCCCCCOS(=O)(=O)[O-],0.5
O=C(O)C(F)(F)C(F)(F)C(F)(F)C(F)(F)C(F)(F)C(F)(F)C(F)(F)C(F)(F)F,0.57,CCCCCCCCCCCCOS(=O)(=O)[O-],0.43
O=C(O)C(F)(F)C(F)(F)C(F)(F)C(F)(F)C(F)(F)C(F)(F)C(F)(F)C(F)(F)F,0.7,CCCCCCCCCCCCOS(=O)(=O)[O-],0.3
O=C(O)C(F)(F)C(F)(F)C(F)(F)C(F)(F)C(F)(F)C(F)(F)C(F)(F)C(F)(F)F,0.85,CCCCCCCCCCCCOS(=O)(=O)[O-],0.15
O=C(O)C(F)(F)C(F)(F)C(F)(F)C(F)(F)C(F)(F)C(F)(F)C(F)(F)C(F)(F)F,1.0,CCCCCCCCCCCCOS(=O)(=O)[O-],0.0
CCCCCCCCCCCCOS(=O)(=O)[O-],0.0,CC=C(C)C(=O)OC1C(OC(C)=O)C2(CO)C(O)CC3(C)C(=CCC4C5(C)CCC(OC6OC(C(=O)O)C(OC7OC(CO)C(O)C(O)C7O)C(O)C6OC6OC(CO)C(O)C(O)C6O)C(C)(CO)C5CCC43C)C2CC1(C)C,0.0
CCCCCCCCCCCCOS(=O)(=O)[O-],0.2,CC=C(C)C(=O)OC1C(OC(C)=O)C2(CO)C(O)CC3(C)C(=CCC4C5(C)CCC(OC6OC(C(=O)O)C(OC7OC(CO)C(O)C(O)C7O)C(O)C6OC6OC(CO)C(O)C(O)C6O)C(C)(CO)C5CCC43C)C2CC1(C)C,0.8
CCCCCCCCCCCCOS(=O)(=O)[O-],0.4,CC=C(C)C(=O)OC1C(OC(C)=O)C2(CO)C(O)CC3(C)C(=CCC4C5(C)CCC(OC6OC(C(=O)O)C(OC7OC(CO)C(O)C(O)C7O)C(O)C6OC6OC(CO)C(O)C(O)C6O)C(C)(CO)C5CCC43C)C2CC1(C)C,0.6
CCCCCCCCCCCCOS(=O)(=O)[O-],0.6,CC=C(C)C(=O)OC1C(OC(C)=O)C2(CO)C(O)CC3(C)C(=CCC4C5(C)CCC(OC6OC(C(=O)O)C(OC7OC(CO)C(O)C(O)C7O)C(O)C6OC6OC(CO)C(O)C(O)C6O)C(C)(CO)C5CCC43C)C2CC1(C)C,0.4
CCCCCCCCCCCCOS(=O)(=O)[O-],0.8,CC=C(C)C(=O)OC1C(OC(C)=O)C2(CO)C(O)CC3(C)C(=CCC4C5(C)CCC(OC6OC(C(=O)O)C(OC7OC(CO)C(O)C(O)C7O)C(O)C6OC6OC(CO)C(O)C(O)C6O)C(C)(CO)C5CCC43C)C2CC1(C)C,0.2
CCCCCCCCCCCCOS(=O)(=O)[O-],1.0,CC=C(C)C(=O)OC1C(OC(C)=O)C2(CO)C(O)CC3(C)C(=CCC4C5(C)CCC(OC6OC(C(=O)O)C(OC7OC(CO)C(O)C(O)C7O)C(O)C6OC6OC(CO)C(O)C(O)C6O)C(C)(CO)C5CCC43C)C2CC1(C)C,0.0
O=C(O)C(F)(F)C(F)(F)C(F)(F)C(F)(F)C(F)(F)C(F)(F)C(F)(F)F,0.0,CCCCCCCCCCCC[N+](C)(C)C,1.0
O=C(O)C(F)(F)C(F)(F)C(F)(F)C(F)(F)C(F)(F)C(F)(F)C(F)(F)F,0.1,CCCCCCCCCCCC[N+](C)(C)C,0.9
O=C(O)C(F)(F)C(F)(F)C(F)(F)C(F)(F)C(F)(F)C(F)(F)C(F)(F)F,0.5,CCCCCCCCCCCC[N+](C)(C)C,0.5
O=C(O)C(F)(F)C(F)(F)C(F)(F)C(F)(F)C(F)(F)C(F)(F)C(F)(F)F,1.0,CCCCCCCCCCCC[N+](C)(C)C,0.0
O=C(O)C(F)(F)C(F)(F)C(F)(F)C(F)(F)C(F)(F)C(F)(F)C(F)(F)F,0.0,CCCCCCCCCCCCCCCC[N+](C)(C)C,1.0
O=C(O)C(F)(F)C(F)(F)C(F)(F)C(F)(F)C(F)(F)C(F)(F)C(F)(F)F,0.90909,CCCCCCCCCCCCCCCC[N+](C)(C)C,0.090909
O=C(O)C(F)(F)C(F)(F)C(F)(F)C(F)(F)C(F)(F)C(F)(F)C(F)(F)F,0.090909,CCCCCCCCCCCCCCCC[N+](C)(C)C,0.90909
O=C(O)C(F)(F)C(F)(F)C(F)(F)C(F)(F)C(F)(F)C(F)(F)C(F)(F)F,1.0,CCCCCCCCCCCCCCCC[N+](C)(C)C,0.0
CCCCCCCCCCCCOS(=O)(=O)[O-],1.0,CCCCCCCCCCCCCCCCOS(=O)(=O)[O-],0.0
CCCCCCCCCCCCOS(=O)(=O)[O-],0.8,CCCCCCCCCCCCCCCCOS(=O)(=O)[O-],0.2
CCCCCCCCCCCCOS(=O)(=O)[O-],0.6,CCCCCCCCCCCCCCCCOS(=O)(=O)[O-],0.4
CCCCCCCCCCCCOS(=O)(=O)[O-],0.5,CCCCCCCCCCCCCCCCOS(=O)(=O)[O-],0.5
CCCCCCCCCCCCOS(=O)(=O)[O-],0.4,CCCCCCCCCCCCCCCCOS(=O)(=O)[O-],0.6
CCCCCCCCCCCCOS(=O)(=O)[O-],0.2,CCCCCCCCCCCCCCCCOS(=O)(=O)[O-],0.8
CCCCCCCCCCCCOS(=O)(=O)[O-],0.0,CCCCCCCCCCCCCCCCOS(=O)(=O)[O-],1.0
CCCCC(CC)COC(=O)CC(C(=O)OCC(CC)CCCC)S(=O)(=O)[O-],1.0,CCCCCCCC/C=C\CCCCCCCC(=O)O[C@H]1[C@@H]([C@@H](COCCOCCOCCOCCOCCOCCOCCOCCOCCOCCOCCOCCOCCOCCOCCOCCOCCO)OC(=O)CCCCCCC/C=C\CCCCCCCC)OC[C@@H]1OC(=O)CCCCCCC/C=C\CCCCCCCC,0.0
CCCCC(CC)COC(=O)CC(C(=O)OCC(CC)CCCC)S(=O)(=O)[O-],0.8,CCCCCCCC/C=C\CCCCCCCC(=O)O[C@H]1[C@@H]([C@@H](COCCOCCOCCOCCOCCOCCOCCOCCOCCOCCOCCOCCOCCOCCOCCOCCOCCO)OC(=O)CCCCCCC/C=C\CCCCCCCC)OC[C@@H]1OC(=O)CCCCCCC/C=C\CCCCCCCC,0.2
CCCCC(CC)COC(=O)CC(C(=O)OCC(CC)CCCC)S(=O)(=O)[O-],0.6,CCCCCCCC/C=C\CCCCCCCC(=O)O[C@H]1[C@@H]([C@@H](COCCOCCOCCOCCOCCOCCOCCOCCOCCOCCOCCOCCOCCOCCOCCOCCOCCO)OC(=O)CCCCCCC/C=C\CCCCCCCC)OC[C@@H]1OC(=O)CCCCCCC/C=C\CCCCCCCC,0.4
CCCCC(CC)COC(=O)CC(C(=O)OCC(CC)CCCC)S(=O)(=O)[O-],0.4,CCCCCCCC/C=C\CCCCCCCC(=O)O[C@H]1[C@@H]([C@@H](COCCOCCOCCOCCOCCOCCOCCOCCOCCOCCOCCOCCOCCOCCOCCOCCOCCO)OC(=O)CCCCCCC/C=C\CCCCCCCC)OC[C@@H]1OC(=O)CCCCCCC/C=C\CCCCCCCC,0.6
CCCCC(CC)COC(=O)CC(C(=O)OCC(CC)CCCC)S(=O)(=O)[O-],0.2,CCCCCCCC/C=C\CCCCCCCC(=O)O[C@H]1[C@@H]([C@@H](COCCOCCOCCOCCOCCOCCOCCOCCOCCOCCOCCOCCOCCOCCOCCOCCOCCO)OC(=O)CCCCCCC/C=C\CCCCCCCC)OC[C@@H]1OC(=O)CCCCCCC/C=C\CCCCCCCC,0.8
CCCCC(CC)COC(=O)CC(C(=O)OCC(CC)CCCC)S(=O)(=O)[O-],0.0,CCCCCCCC/C=C\CCCCCCCC(=O)O[C@H]1[C@@H]([C@@H](COCCOCCOCCOCCOCCOCCOCCOCCOCCOCCOCCOCCOCCOCCOCCOCCOCCO)OC(=O)CCCCCCC/C=C\CCCCCCCC)OC[C@@H]1OC(=O)CCCCCCC/C=C\CCCCCCCC,1.0
O=S(=O)([O-])c1ccccc1,0.0,CCCCCCCCCCCCCCCC[N+](C)(C)C,1.0
O=S(=O)([O-])c1ccccc1,0.2,CCCCCCCCCCCCCCCC[N+](C)(C)C,0.8
O=S(=O)([O-])c1ccccc1,0.4,CCCCCCCCCCCCCCCC[N+](C)(C)C,0.6
O=S(=O)([O-])c1ccccc1,0.6,CCCCCCCCCCCCCCCC[N+](C)(C)C,0.4
O=S(=O)([O-])c1ccccc1,0.8,CCCCCCCCCCCCCCCC[N+](C)(C)C,0.2
O=S(=O)([O-])c1ccccc1,1.0,CCCCCCCCCCCCCCCC[N+](C)(C)C,0.0
CCCCCCCCCCCCOS(=O)(=O)[O-],1.0,O=S(=O)([O-])c1ccccc1,0.0
CCCCCCCCCCCCOS(=O)(=O)[O-],0.8,O=S(=O)([O-])c1ccccc1,0.2
CCCCCCCCCCCCOS(=O)(=O)[O-],0.666,O=S(=O)([O-])c1ccccc1,0.333
CCCCCCCCCCCCOS(=O)(=O)[O-],0.333,O=S(=O)([O-])c1ccccc1,0.666
CCCCCCCCCCCCOS(=O)(=O)[O-],0.2,O=S(=O)([O-])c1ccccc1,0.8
CCCCCCCCCCCCOS(=O)(=O)[O-],0.0,O=S(=O)([O-])c1ccccc1,1.0
CCCCCCCCC(C)CCCOCCOCCOCCOCCOCCOP(=O)([O-])O,1.0,CCCCCCCCCCCC[N+](C)(C)Cc1ccccc1,0.0
CCCCCCCCC(C)CCCOCCOCCOCCOCCOCCOP(=O)([O-])O,0.8,CCCCCCCCCCCC[N+](C)(C)Cc1ccccc1,0.2
CCCCCCCCC(C)CCCOCCOCCOCCOCCOCCOP(=O)([O-])O,0.6,CCCCCCCCCCCC[N+](C)(C)Cc1ccccc1,0.4
CCCCCCCCC(C)CCCOCCOCCOCCOCCOCCOP(=O)([O-])O,0.5,CCCCCCCCCCCC[N+](C)(C)Cc1ccccc1,0.5
CCCCCCCCC(C)CCCOCCOCCOCCOCCOCCOP(=O)([O-])O,0.4,CCCCCCCCCCCC[N+](C)(C)Cc1ccccc1,0.6
CCCCCCCCC(C)CCCOCCOCCOCCOCCOCCOP(=O)([O-])O,0.2,CCCCCCCCCCCC[N+](C)(C)Cc1ccccc1,0.8
CCCCCCCCC(C)CCCOCCOCCOCCOCCOCCOP(=O)([O-])O,0.0,CCCCCCCCCCCC[N+](C)(C)Cc1ccccc1,1.0
CCCCCCCCCCCCOCCOCCOCCOCCOCCOP(=O)([O-])O,1.0,CCCCCCCCCCCC[N+](C)(C)Cc1ccccc1,0.0
CCCCCCCCCCCCOCCOCCOCCOCCOCCOP(=O)([O-])O,0.8,CCCCCCCCCCCC[N+](C)(C)Cc1ccccc1,0.2
CCCCCCCCCCCCOCCOCCOCCOCCOCCOP(=O)([O-])O,0.6,CCCCCCCCCCCC[N+](C)(C)Cc1ccccc1,0.4
CCCCCCCCCCCCOCCOCCOCCOCCOCCOP(=O)([O-])O,0.5,CCCCCCCCCCCC[N+](C)(C)Cc1ccccc1,0.5
CCCCCCCCCCCCOCCOCCOCCOCCOCCOP(=O)([O-])O,0.4,CCCCCCCCCCCC[N+](C)(C)Cc1ccccc1,0.6
CCCCCCCCCCCCOCCOCCOCCOCCOCCOP(=O)([O-])O,0.2,CCCCCCCCCCCC[N+](C)(C)Cc1ccccc1,0.8
CCCCCCCCCCCCOCCOCCOCCOCCOCCOP(=O)([O-])O,0.0,CCCCCCCCCCCC[N+](C)(C)Cc1ccccc1,1.0
CCCCCCCCC(C)CCCOCCOCCOCCOCCOCCOP(=O)([O-])O,1.0,CCCCCCCCCCCC[N+](C)(C)CCO,0.0
CCCCCCCCC(C)CCCOCCOCCOCCOCCOCCOP(=O)([O-])O,0.8,CCCCCCCCCCCC[N+](C)(C)CCO,0.2
CCCCCCCCC(C)CCCOCCOCCOCCOCCOCCOP(=O)([O-])O,0.6,CCCCCCCCCCCC[N+](C)(C)CCO,0.4
CCCCCCCCC(C)CCCOCCOCCOCCOCCOCCOP(=O)([O-])O,0.5,CCCCCCCCCCCC[N+](C)(C)CCO,0.5
CCCCCCCCC(C)CCCOCCOCCOCCOCCOCCOP(=O)([O-])O,0.4,CCCCCCCCCCCC[N+](C)(C)CCO,0.6
CCCCCCCCC(C)CCCOCCOCCOCCOCCOCCOP(=O)([O-])O,0.2,CCCCCCCCCCCC[N+](C)(C)CCO,0.8
CCCCCCCCC(C)CCCOCCOCCOCCOCCOCCOP(=O)([O-])O,0.0,CCCCCCCCCCCC[N+](C)(C)CCO,1.0
CCCCCCCCCCCCOCCOCCOCCOCCOCCOP(=O)([O-])O,1.0,CCCCCCCCCCCC[N+](C)(C)CCO,0.0
CCCCCCCCCCCCOCCOCCOCCOCCOCCOP(=O)([O-])O,0.8,CCCCCCCCCCCC[N+](C)(C)CCO,0.2
CCCCCCCCCCCCOCCOCCOCCOCCOCCOP(=O)([O-])O,0.6,CCCCCCCCCCCC[N+](C)(C)CCO,0.4
CCCCCCCCCCCCOCCOCCOCCOCCOCCOP(=O)([O-])O,0.5,CCCCCCCCCCCC[N+](C)(C)CCO,0.5
CCCCCCCCCCCCOCCOCCOCCOCCOCCOP(=O)([O-])O,0.4,CCCCCCCCCCCC[N+](C)(C)CCO,0.6
CCCCCCCCCCCCOCCOCCOCCOCCOCCOP(=O)([O-])O,0.2,CCCCCCCCCCCC[N+](C)(C)CCO,0.8
CCCCCCCCCCCCOCCOCCOCCOCCOCCOP(=O)([O-])O,0.0,CCCCCCCCCCCC[N+](C)(C)CCO,1.0
CCCCCCCCCCCCOS(=O)(=O)[O-],0.0,CCCCCCCCCCCC[N+](C)(C)CCCS(=O)(=O)[O-],1.0
CCCCCCCCCCCCOS(=O)(=O)[O-],0.25,CCCCCCCCCCCC[N+](C)(C)CCCS(=O)(=O)[O-],0.75
CCCCCCCCCCCCOS(=O)(=O)[O-],0.5,CCCCCCCCCCCC[N+](C)(C)CCCS(=O)(=O)[O-],0.5
CCCCCCCCCCCCOS(=O)(=O)[O-],0.75,CCCCCCCCCCCC[N+](C)(C)CCCS(=O)(=O)[O-],0.25
CCCCCCCCCCCCOS(=O)(=O)[O-],1.0,CCCCCCCCCCCC[N+](C)(C)CCCS(=O)(=O)[O-],0.0
CCCCCCCCCCCCOS(=O)(=O)[O-],0.0,CCCCCCCCCCCC[N+](C)(C)CC(=O)[O-],1.0
CCCCCCCCCCCCOS(=O)(=O)[O-],0.25,CCCCCCCCCCCC[N+](C)(C)CC(=O)[O-],0.75
CCCCCCCCCCCCOS(=O)(=O)[O-],0.5,CCCCCCCCCCCC[N+](C)(C)CC(=O)[O-],0.5
CCCCCCCCCCCCOS(=O)(=O)[O-],0.75,CCCCCCCCCCCC[N+](C)(C)CC(=O)[O-],0.25
CCCCCCCCCCCCOS(=O)(=O)[O-],1.0,CCCCCCCCCCCC[N+](C)(C)CC(=O)[O-],0.0
CCCCCCCCCCCC[N+](C)(C)CCCS(=O)(=O)[O-],1.0,CCCCCCCCCCCC[N+](C)(C)C,0.0
CCCCCCCCCCCC[N+](C)(C)CCCS(=O)(=O)[O-],0.75,CCCCCCCCCCCC[N+](C)(C)C,0.25
CCCCCCCCCCCC[N+](C)(C)CCCS(=O)(=O)[O-],0.5,CCCCCCCCCCCC[N+](C)(C)C,0.5
CCCCCCCCCCCC[N+](C)(C)CCCS(=O)(=O)[O-],0.25,CCCCCCCCCCCC[N+](C)(C)C,0.75
CCCCCCCCCCCC[N+](C)(C)CCCS(=O)(=O)[O-],0.0,CCCCCCCCCCCC[N+](C)(C)C,1.0
CCCCCCCCCCCC[N+](C)(C)CC(=O)[O-],1.0,CCCCCCCCCCCC[N+](C)(C)C,0.0
CCCCCCCCCCCC[N+](C)(C)CC(=O)[O-],0.75,CCCCCCCCCCCC[N+](C)(C)C,0.25
CCCCCCCCCCCC[N+](C)(C)CC(=O)[O-],0.5,CCCCCCCCCCCC[N+](C)(C)C,0.5
CCCCCCCCCCCC[N+](C)(C)CC(=O)[O-],0.25,CCCCCCCCCCCC[N+](C)(C)C,0.75
CCCCCCCCCCCC[N+](C)(C)CC(=O)[O-],0.0,CCCCCCCCCCCC[N+](C)(C)C,1.0
CCCCCCCCCCCCOS(=O)(=O)[O-],0.0,CCCCCCCCCCCCC(=O)NCCC[N+](C)(C)CC(=O)[O-],1.0
CCCCCCCCCCCCOS(=O)(=O)[O-],0.25,CCCCCCCCCCCCC(=O)NCCC[N+](C)(C)CC(=O)[O-],0.75
CCCCCCCCCCCCOS(=O)(=O)[O-],0.5,CCCCCCCCCCCCC(=O)NCCC[N+](C)(C)CC(=O)[O-],0.5
CCCCCCCCCCCCOS(=O)(=O)[O-],0.75,CCCCCCCCCCCCC(=O)NCCC[N+](C)(C)CC(=O)[O-],0.25
CCCCCCCCCCCCOS(=O)(=O)[O-],0.85,CCCCCCCCCCCCC(=O)NCCC[N+](C)(C)CC(=O)[O-],0.15
CCCCCCCCCCCCOS(=O)(=O)[O-],0.95,CCCCCCCCCCCCC(=O)NCCC[N+](C)(C)CC(=O)[O-],0.05
CCCCCCCCCCCCOS(=O)(=O)[O-],1.0,CCCCCCCCCCCCC(=O)NCCC[N+](C)(C)CC(=O)[O-],0.0
CCCCCCCCCC[N+](C)(C)CCCS(=O)(=O)[O-],1.0,CCCCCCCCCCCCCCCC[N+](C)(C)Cc1ccccc1,0.0
CCCCCCCCCC[N+](C)(C)CCCS(=O)(=O)[O-],0.75,CCCCCCCCCCCCCCCC[N+](C)(C)Cc1ccccc1,0.25
CCCCCCCCCC[N+](C)(C)CCCS(=O)(=O)[O-],0.5,CCCCCCCCCCCCCCCC[N+](C)(C)Cc1ccccc1,0.5
CCCCCCCCCC[N+](C)(C)CCCS(=O)(=O)[O-],0.25,CCCCCCCCCCCCCCCC[N+](C)(C)Cc1ccccc1,0.75
CCCCCCCCCC[N+](C)(C)CCCS(=O)(=O)[O-],0.0,CCCCCCCCCCCCCCCC[N+](C)(C)Cc1ccccc1,1.0
CCCCCCCCCCCC[N+](C)(C)CCCS(=O)(=O)[O-],1.0,CCCCCCCCCCCCCCCC[N+](C)(C)Cc1ccccc1,0.0
CCCCCCCCCCCC[N+](C)(C)CCCS(=O)(=O)[O-],0.75,CCCCCCCCCCCCCCCC[N+](C)(C)Cc1ccccc1,0.25
CCCCCCCCCCCC[N+](C)(C)CCCS(=O)(=O)[O-],0.5,CCCCCCCCCCCCCCCC[N+](C)(C)Cc1ccccc1,0.5
CCCCCCCCCCCC[N+](C)(C)CCCS(=O)(=O)[O-],0.25,CCCCCCCCCCCCCCCC[N+](C)(C)Cc1ccccc1,0.75
CCCCCCCCCCCC[N+](C)(C)CCCS(=O)(=O)[O-],0.0,CCCCCCCCCCCCCCCC[N+](C)(C)Cc1ccccc1,1.0
CCCCCCCCCCCCCC[N+](C)(C)CCCS(=O)(=O)[O-],1.0,CCCCCCCCCCCCCCCC[N+](C)(C)Cc1ccccc1,0.0
CCCCCCCCCCCCCC[N+](C)(C)CCCS(=O)(=O)[O-],0.75,CCCCCCCCCCCCCCCC[N+](C)(C)Cc1ccccc1,0.25
CCCCCCCCCCCCCC[N+](C)(C)CCCS(=O)(=O)[O-],0.5,CCCCCCCCCCCCCCCC[N+](C)(C)Cc1ccccc1,0.5
CCCCCCCCCCCCCC[N+](C)(C)CCCS(=O)(=O)[O-],0.25,CCCCCCCCCCCCCCCC[N+](C)(C)Cc1ccccc1,0.75
CCCCCCCCCCCCCC[N+](C)(C)CCCS(=O)(=O)[O-],0.0,CCCCCCCCCCCCCCCC[N+](C)(C)Cc1ccccc1,1.0
CCCCCCCCCCCCCC[N+](C)(C)C,0.0,CCCCCCCCCC[N+](C)(C)C,1.0
CCCCCCCCCCCCCC[N+](C)(C)C,0.1,CCCCCCCCCC[N+](C)(C)C,0.9
CCCCCCCCCCCCCC[N+](C)(C)C,0.3,CCCCCCCCCC[N+](C)(C)C,0.7
CCCCCCCCCCCCCC[N+](C)(C)C,0.5,CCCCCCCCCC[N+](C)(C)C,0.5
CCCCCCCCCCCCCC[N+](C)(C)C,0.7,CCCCCCCCCC[N+](C)(C)C,0.3
CCCCCCCCCCCCCC[N+](C)(C)C,0.9,CCCCCCCCCC[N+](C)(C)C,0.1
CCCCCCCCCCCCCC[N+](C)(C)C,1.0,CCCCCCCCCC[N+](C)(C)C,0.0
CCCCCCCCCCCCCC[N+](C)(C)C,0.0,CCCCCCCCCCCC[N+](C)(C)C,1.0
CCCCCCCCCCCCCC[N+](C)(C)C,0.1,CCCCCCCCCCCC[N+](C)(C)C,0.9
CCCCCCCCCCCCCC[N+](C)(C)C,0.3,CCCCCCCCCCCC[N+](C)(C)C,0.7
CCCCCCCCCCCCCC[N+](C)(C)C,0.5,CCCCCCCCCCCC[N+](C)(C)C,0.5
CCCCCCCCCCCCCC[N+](C)(C)C,0.7,CCCCCCCCCCCC[N+](C)(C)C,0.3
CCCCCCCCCCCCCC[N+](C)(C)C,0.9,CCCCCCCCCCCC[N+](C)(C)C,0.1
CCCCCCCCCCCCCC[N+](C)(C)C,1.0,CCCCCCCCCCCC[N+](C)(C)C,0.0
CCCCCCCCCCCCCC[N+](C)(C)C,0.0,CCCCCCCCCCCCCC[N+](C)(C)C,1.0
CCCCCCCCCCCCCC[N+](C)(C)C,0.1,CCCCCCCCCCCCCC[N+](C)(C)C,0.9
CCCCCCCCCCCCCC[N+](C)(C)C,0.3,CCCCCCCCCCCCCC[N+](C)(C)C,0.7
CCCCCCCCCCCCCC[N+](C)(C)C,0.5,CCCCCCCCCCCCCC[N+](C)(C)C,0.5
CCCCCCCCCCCCCC[N+](C)(C)C,0.7,CCCCCCCCCCCCCC[N+](C)(C)C,0.3
CCCCCCCCCCCCCC[N+](C)(C)C,0.9,CCCCCCCCCCCCCC[N+](C)(C)C,0.1
CCCCCCCCCCCCCC[N+](C)(C)C,1.0,CCCCCCCCCCCCCC[N+](C)(C)C,0.0
CCCCCCCCCCCCCC[N+](C)(C)C,0.0,CCCCCCCCCCCCCCCC[N+](C)(C)C,1.0
CCCCCCCCCCCCCC[N+](C)(C)C,0.1,CCCCCCCCCCCCCCCC[N+](C)(C)C,0.9
CCCCCCCCCCCCCC[N+](C)(C)C,0.3,CCCCCCCCCCCCCCCC[N+](C)(C)C,0.7
CCCCCCCCCCCCCC[N+](C)(C)C,0.5,CCCCCCCCCCCCCCCC[N+](C)(C)C,0.5
CCCCCCCCCCCCCC[N+](C)(C)C,0.7,CCCCCCCCCCCCCCCC[N+](C)(C)C,0.3
CCCCCCCCCCCCCC[N+](C)(C)C,0.9,CCCCCCCCCCCCCCCC[N+](C)(C)C,0.1
CCCCCCCCCCCCCC[N+](C)(C)C,1.0,CCCCCCCCCCCCCCCC[N+](C)(C)C,0.0
CCCCCCCCCCCCCCCC(=O)OCCOCC(OCCOCCOCCOCCOCCO)C1OCC(OCCOCCOCCOCCOCCOCCOCCO)C1OCCOCCOCCOCCOCCOCCOCCOCCO,0.0,CCCCCCCCCCCCCCCCOCCOCCOCCOCCOCCOCCOCCOCCOCCOCCO,1.0
CCCCCCCCCCCCCCCC(=O)OCCOCC(OCCOCCOCCOCCOCCO)C1OCC(OCCOCCOCCOCCOCCOCCOCCO)C1OCCOCCOCCOCCOCCOCCOCCOCCO,0.17,CCCCCCCCCCCCCCCCOCCOCCOCCOCCOCCOCCOCCOCCOCCOCCO,0.83
CCCCCCCCCCCCCCCC(=O)OCCOCC(OCCOCCOCCOCCOCCO)C1OCC(OCCOCCOCCOCCOCCOCCOCCO)C1OCCOCCOCCOCCOCCOCCOCCOCCO,0.33,CCCCCCCCCCCCCCCCOCCOCCOCCOCCOCCOCCOCCOCCOCCOCCO,0.67
CCCCCCCCCCCCCCCC(=O)OCCOCC(OCCOCCOCCOCCOCCO)C1OCC(OCCOCCOCCOCCOCCOCCOCCO)C1OCCOCCOCCOCCOCCOCCOCCOCCO,0.5,CCCCCCCCCCCCCCCCOCCOCCOCCOCCOCCOCCOCCOCCOCCOCCO,0.5
CCCCCCCCCCCCCCCC(=O)OCCOCC(OCCOCCOCCOCCOCCO)C1OCC(OCCOCCOCCOCCOCCOCCOCCO)C1OCCOCCOCCOCCOCCOCCOCCOCCO,0.67,CCCCCCCCCCCCCCCCOCCOCCOCCOCCOCCOCCOCCOCCOCCOCCO,0.33
CCCCCCCCCCCCCCCC(=O)OCCOCC(OCCOCCOCCOCCOCCO)C1OCC(OCCOCCOCCOCCOCCOCCOCCO)C1OCCOCCOCCOCCOCCOCCOCCOCCO,0.83,CCCCCCCCCCCCCCCCOCCOCCOCCOCCOCCOCCOCCOCCOCCOCCO,0.17
CCCCCCCCCCCCCCCC(=O)OCCOCC(OCCOCCOCCOCCOCCO)C1OCC(OCCOCCOCCOCCOCCOCCOCCO)C1OCCOCCOCCOCCOCCOCCOCCOCCO,1.0,CCCCCCCCCCCCCCCCOCCOCCOCCOCCOCCOCCOCCOCCOCCOCCO,0.0
CCCCCCCCCCCCCCCC[n+]1ccccc1,0.0,CCCCCCCCCCCCCCCC(=O)OCCOCC(OCCOCCOCCOCCOCCO)C1OCC(OCCOCCOCCOCCOCCOCCOCCO)C1OCCOCCOCCOCCOCCOCCOCCOCCO,1.0
CCCCCCCCCCCCCCCC[n+]1ccccc1,0.17,CCCCCCCCCCCCCCCC(=O)OCCOCC(OCCOCCOCCOCCOCCO)C1OCC(OCCOCCOCCOCCOCCOCCOCCO)C1OCCOCCOCCOCCOCCOCCOCCOCCO,0.83
CCCCCCCCCCCCCCCC[n+]1ccccc1,0.33,CCCCCCCCCCCCCCCC(=O)OCCOCC(OCCOCCOCCOCCOCCO)C1OCC(OCCOCCOCCOCCOCCOCCOCCO)C1OCCOCCOCCOCCOCCOCCOCCOCCO,0.67
CCCCCCCCCCCCCCCC[n+]1ccccc1,0.5,CCCCCCCCCCCCCCCC(=O)OCCOCC(OCCOCCOCCOCCOCCO)C1OCC(OCCOCCOCCOCCOCCOCCOCCO)C1OCCOCCOCCOCCOCCOCCOCCOCCO,0.5
CCCCCCCCCCCCCCCC[n+]1ccccc1,0.67,CCCCCCCCCCCCCCCC(=O)OCCOCC(OCCOCCOCCOCCOCCO)C1OCC(OCCOCCOCCOCCOCCOCCOCCO)C1OCCOCCOCCOCCOCCOCCOCCOCCO,0.33
CCCCCCCCCCCCCCCC[n+]1ccccc1,0.83,CCCCCCCCCCCCCCCC(=O)OCCOCC(OCCOCCOCCOCCOCCO)C1OCC(OCCOCCOCCOCCOCCOCCOCCO)C1OCCOCCOCCOCCOCCOCCOCCOCCO,0.17
CCCCCCCCCCCCCCCC[n+]1ccccc1,1.0,CCCCCCCCCCCCCCCC(=O)OCCOCC(OCCOCCOCCOCCOCCO)C1OCC(OCCOCCOCCOCCOCCOCCOCCO)C1OCCOCCOCCOCCOCCOCCOCCOCCO,0.0
CCCCCCCCCCCCCCCC[n+]1ccccc1,0.0,CCCCCCCCCCCCCCCCOCCOCCOCCOCCOCCOCCOCCOCCOCCOCCO,1.0
CCCCCCCCCCCCCCCC[n+]1ccccc1,0.17,CCCCCCCCCCCCCCCCOCCOCCOCCOCCOCCOCCOCCOCCOCCOCCO,0.83
CCCCCCCCCCCCCCCC[n+]1ccccc1,0.33,CCCCCCCCCCCCCCCCOCCOCCOCCOCCOCCOCCOCCOCCOCCOCCO,0.67
CCCCCCCCCCCCCCCC[n+]1ccccc1,0.5,CCCCCCCCCCCCCCCCOCCOCCOCCOCCOCCOCCOCCOCCOCCOCCO,0.5
CCCCCCCCCCCCCCCC[n+]1ccccc1,0.67,CCCCCCCCCCCCCCCCOCCOCCOCCOCCOCCOCCOCCOCCOCCOCCO,0.33
CCCCCCCCCCCCCCCC[n+]1ccccc1,0.83,CCCCCCCCCCCCCCCCOCCOCCOCCOCCOCCOCCOCCOCCOCCOCCO,0.17
CCCCCCCCCCCCCCCC[n+]1ccccc1,1.0,CCCCCCCCCCCCCCCCOCCOCCOCCOCCOCCOCCOCCOCCOCCOCCO,0.0
CCCCCCCCCCCCOS(=O)(=O)[O-],1.0,C[N+](C)(C)CCCCCCCCCCCC[N+](C)(C)C,0.0
CCCCCCCCCCCCOS(=O)(=O)[O-],0.979910045,C[N+](C)(C)CCCCCCCCCCCC[N+](C)(C)C,0.020089955
CCCCCCCCCCCCOS(=O)(=O)[O-],0.951124438,C[N+](C)(C)CCCCCCCCCCCC[N+](C)(C)C,0.048875562
CCCCCCCCCCCCOS(=O)(=O)[O-],0.900749625,C[N+](C)(C)CCCCCCCCCCCC[N+](C)(C)C,0.099250375
CCCCCCCCCCCCOS(=O)(=O)[O-],0.802698651,C[N+](C)(C)CCCCCCCCCCCC[N+](C)(C)C,0.197301349
CCCCCCCCCCCCOS(=O)(=O)[O-],0.666866567,C[N+](C)(C)CCCCCCCCCCCC[N+](C)(C)C,0.333133433
CCCCCCCCCCCCOS(=O)(=O)[O-],0.6011994,C[N+](C)(C)CCCCCCCCCCCC[N+](C)(C)C,0.3988006
CCCCCCCCCCCCOS(=O)(=O)[O-],0.499550225,C[N+](C)(C)CCCCCCCCCCCC[N+](C)(C)C,0.500449775
CCCCCCCCCCCCOS(=O)(=O)[O-],0.3988006,C[N+](C)(C)CCCCCCCCCCCC[N+](C)(C)C,0.6011994
CCCCCCCCCCCCOS(=O)(=O)[O-],0.301649175,C[N+](C)(C)CCCCCCCCCCCC[N+](C)(C)C,0.698350825
CCCCCCCCCCCCOS(=O)(=O)[O-],0.20089955,C[N+](C)(C)CCCCCCCCCCCC[N+](C)(C)C,0.79910045
CCCCCCCCCCCCOS(=O)(=O)[O-],0.101049475,C[N+](C)(C)CCCCCCCCCCCC[N+](C)(C)C,0.898950525
CCCCCCCCCCCCOS(=O)(=O)[O-],0.049775112,C[N+](C)(C)CCCCCCCCCCCC[N+](C)(C)C,0.950224888
CCCCCCCCCCCCOS(=O)(=O)[O-],0.0,C[N+](C)(C)CCCCCCCCCCCC[N+](C)(C)C,1.0
CCCCCCCCCCCCOS(=O)(=O)[O-],1.0,CCCCCCCCCCCC[N+](C)(C)C,0.0
CCCCCCCCCCCCOS(=O)(=O)[O-],0.979910045,CCCCCCCCCCCC[N+](C)(C)C,0.020089955
CCCCCCCCCCCCOS(=O)(=O)[O-],0.952023988,CCCCCCCCCCCC[N+](C)(C)C,0.047976012
CCCCCCCCCCCCOS(=O)(=O)[O-],0.902548726,CCCCCCCCCCCC[N+](C)(C)C,0.097451274
CCCCCCCCCCCCOS(=O)(=O)[O-],0.8017991,CCCCCCCCCCCC[N+](C)(C)C,0.1982009
CCCCCCCCCCCCOS(=O)(=O)[O-],0.701049475,CCCCCCCCCCCC[N+](C)(C)C,0.298950525
CCCCCCCCCCCCOS(=O)(=O)[O-],0.60029985,CCCCCCCCCCCC[N+](C)(C)C,0.39970015
CCCCCCCCCCCCOS(=O)(=O)[O-],0.500449775,CCCCCCCCCCCC[N+](C)(C)C,0.499550225
CCCCCCCCCCCCOS(=O)(=O)[O-],0.40149925,CCCCCCCCCCCC[N+](C)(C)C,0.59850075
CCCCCCCCCCCCOS(=O)(=O)[O-],0.301649175,CCCCCCCCCCCC[N+](C)(C)C,0.698350825
CCCCCCCCCCCCOS(=O)(=O)[O-],0.2,CCCCCCCCCCCC[N+](C)(C)C,0.8
CCCCCCCCCCCCOS(=O)(=O)[O-],0.099250375,CCCCCCCCCCCC[N+](C)(C)C,0.900749625
CCCCCCCCCCCCOS(=O)(=O)[O-],0.048875562,CCCCCCCCCCCC[N+](C)(C)C,0.951124438
CCCCCCCCCCCCOS(=O)(=O)[O-],0.0,CCCCCCCCCCCC[N+](C)(C)C,1.0
CCCCCCCCCCCCOS(=O)(=O)[O-],1.0,CCCCCCCCCCCC[N+](C)(C)CCC[N+](C)(C)CCCCCCCCCCCC,0.0
CCCCCCCCCCCCOS(=O)(=O)[O-],0.949325337,CCCCCCCCCCCC[N+](C)(C)CCC[N+](C)(C)CCCCCCCCCCCC,0.050674663
CCCCCCCCCCCCOS(=O)(=O)[O-],0.901649175,CCCCCCCCCCCC[N+](C)(C)CCC[N+](C)(C)CCCCCCCCCCCC,0.098350825
CCCCCCCCCCCCOS(=O)(=O)[O-],0.80089955,CCCCCCCCCCCC[N+](C)(C)CCC[N+](C)(C)CCCCCCCCCCCC,0.19910045
CCCCCCCCCCCCOS(=O)(=O)[O-],0.668665667,CCCCCCCCCCCC[N+](C)(C)CCC[N+](C)(C)CCCCCCCCCCCC,0.331334333
CCCCCCCCCCCCOS(=O)(=O)[O-],0.6011994,CCCCCCCCCCCC[N+](C)(C)CCC[N+](C)(C)CCCCCCCCCCCC,0.3988006
CCCCCCCCCCCCOS(=O)(=O)[O-],0.501349325,CCCCCCCCCCCC[N+](C)(C)CCC[N+](C)(C)CCCCCCCCCCCC,0.498650675
CCCCCCCCCCCCOS(=O)(=O)[O-],0.4005997,CCCCCCCCCCCC[N+](C)(C)CCC[N+](C)(C)CCCCCCCCCCCC,0.5994003
CCCCCCCCCCCCOS(=O)(=O)[O-],0.299850075,CCCCCCCCCCCC[N+](C)(C)CCC[N+](C)(C)CCCCCCCCCCCC,0.700149925
CCCCCCCCCCCCOS(=O)(=O)[O-],0.19910045,CCCCCCCCCCCC[N+](C)(C)CCC[N+](C)(C)CCCCCCCCCCCC,0.80089955
CCCCCCCCCCCCOS(=O)(=O)[O-],0.099250375,CCCCCCCCCCCC[N+](C)(C)CCC[N+](C)(C)CCCCCCCCCCCC,0.900749625
CCCCCCCCCCCCOS(=O)(=O)[O-],0.050674663,CCCCCCCCCCCC[N+](C)(C)CCC[N+](C)(C)CCCCCCCCCCCC,0.949325337
CCCCCCCCCCCCOS(=O)(=O)[O-],0.0,CCCCCCCCCCCC[N+](C)(C)CCC[N+](C)(C)CCCCCCCCCCCC,1.0
CCCCCCCCCCCCOS(=O)(=O)[O-],1.0,CCCCCCCCCCCC[N+](C)(C)CCCCCCCCCCCC,0.0
CCCCCCCCCCCCOS(=O)(=O)[O-],0.980809595,CCCCCCCCCCCC[N+](C)(C)CCCCCCCCCCCC,0.019190405
CCCCCCCCCCCCOS(=O)(=O)[O-],0.900749625,CCCCCCCCCCCC[N+](C)(C)CCCCCCCCCCCC,0.099250375
CCCCCCCCCCCCOS(=O)(=O)[O-],0.80089955,CCCCCCCCCCCC[N+](C)(C)CCCCCCCCCCCC,0.19910045
CCCCCCCCCCCCOS(=O)(=O)[O-],0.700149925,CCCCCCCCCCCC[N+](C)(C)CCCCCCCCCCCC,0.299850075
CCCCCCCCCCCCOS(=O)(=O)[O-],0.500449775,CCCCCCCCCCCC[N+](C)(C)CCCCCCCCCCCC,0.499550225
CCCCCCCCCCCCOS(=O)(=O)[O-],0.299850075,CCCCCCCCCCCC[N+](C)(C)CCCCCCCCCCCC,0.700149925
CCCCCCCCCCCCOS(=O)(=O)[O-],0.100149925,CCCCCCCCCCCC[N+](C)(C)CCCCCCCCCCCC,0.899850075
CCCCCCCCCCCCOS(=O)(=O)[O-],0.048875562,CCCCCCCCCCCC[N+](C)(C)CCCCCCCCCCCC,0.951124438
CCCCCCCCCCCCOS(=O)(=O)[O-],0.0,CCCCCCCCCCCC[N+](C)(C)CCCCCCCCCCCC,1.0
CCCCCCCCCCC(Oc1ccc(OC(CCCCCCCCCC)C(=O)[O-])cc1)C(=O)[O-],0.0,CCCCCCCCCCCC[N+](C)(C)C,1.0
CCCCCCCCCCC(Oc1ccc(OC(CCCCCCCCCC)C(=O)[O-])cc1)C(=O)[O-],0.1,CCCCCCCCCCCC[N+](C)(C)C,0.9
CCCCCCCCCCC(Oc1ccc(OC(CCCCCCCCCC)C(=O)[O-])cc1)C(=O)[O-],0.2,CCCCCCCCCCCC[N+](C)(C)C,0.8
CCCCCCCCCCC(Oc1ccc(OC(CCCCCCCCCC)C(=O)[O-])cc1)C(=O)[O-],0.33,CCCCCCCCCCCC[N+](C)(C)C,0.67
CCCCCCCCCCC(Oc1ccc(OC(CCCCCCCCCC)C(=O)[O-])cc1)C(=O)[O-],0.5,CCCCCCCCCCCC[N+](C)(C)C,0.5
CCCCCCCCCCC(Oc1ccc(OC(CCCCCCCCCC)C(=O)[O-])cc1)C(=O)[O-],0.7,CCCCCCCCCCCC[N+](C)(C)C,0.3
CCCCCCCCCCC(Oc1ccc(OC(CCCCCCCCCC)C(=O)[O-])cc1)C(=O)[O-],0.9,CCCCCCCCCCCC[N+](C)(C)C,0.1
CCCCCCCCCCC(Oc1ccc(OC(CCCCCCCCCC)C(=O)[O-])cc1)C(=O)[O-],1.0,CCCCCCCCCCCC[N+](C)(C)C,0.0
OCCOCCOCCOCCOCCOCCOCCOCCOCCOCCOC(F)(F)C(F)(F)C(F)(F)C(F)(F)C(F)(F)F,1.0,CCCCCCCCCCCC[N+](C)(C)C,0.0
OCCOCCOCCOCCOCCOCCOCCOCCOCCOCCOC(F)(F)C(F)(F)C(F)(F)C(F)(F)C(F)(F)F,0.901748252,CCCCCCCCCCCC[N+](C)(C)C,0.098251748
OCCOCCOCCOCCOCCOCCOCCOCCOCCOCCOC(F)(F)C(F)(F)C(F)(F)C(F)(F)C(F)(F)F,0.8,CCCCCCCCCCCC[N+](C)(C)C,0.2
OCCOCCOCCOCCOCCOCCOCCOCCOCCOCCOC(F)(F)C(F)(F)C(F)(F)C(F)(F)C(F)(F)F,0.699300699,CCCCCCCCCCCC[N+](C)(C)C,0.300699301
OCCOCCOCCOCCOCCOCCOCCOCCOCCOCCOC(F)(F)C(F)(F)C(F)(F)C(F)(F)C(F)(F)F,0.600699301,CCCCCCCCCCCC[N+](C)(C)C,0.399300699
OCCOCCOCCOCCOCCOCCOCCOCCOCCOCCOC(F)(F)C(F)(F)C(F)(F)C(F)(F)C(F)(F)F,0.498951049,CCCCCCCCCCCC[N+](C)(C)C,0.501048951
OCCOCCOCCOCCOCCOCCOCCOCCOCCOCCOC(F)(F)C(F)(F)C(F)(F)C(F)(F)C(F)(F)F,0.399300699,CCCCCCCCCCCC[N+](C)(C)C,0.600699301
OCCOCCOCCOCCOCCOCCOCCOCCOCCOCCOC(F)(F)C(F)(F)C(F)(F)C(F)(F)C(F)(F)F,0.298601399,CCCCCCCCCCCC[N+](C)(C)C,0.701398601
OCCOCCOCCOCCOCCOCCOCCOCCOCCOCCOC(F)(F)C(F)(F)C(F)(F)C(F)(F)C(F)(F)F,0.198951049,CCCCCCCCCCCC[N+](C)(C)C,0.801048951
OCCOCCOCCOCCOCCOCCOCCOCCOCCOCCOC(F)(F)C(F)(F)C(F)(F)C(F)(F)C(F)(F)F,0.098251748,CCCCCCCCCCCC[N+](C)(C)C,0.901748252
OCCOCCOCCOCCOCCOCCOCCOCCOCCOCCOC(F)(F)C(F)(F)C(F)(F)C(F)(F)C(F)(F)F,0.0,CCCCCCCCCCCC[N+](C)(C)C,1.0
CCCCCCCCCCOS(=O)(=O)[O-],0.0,CC(C)CC(C)(C#CC(C)(CC(C)C)OCCOCCOCCOCCOCCO)OCCOCCOCCOCCOCCO,1.0
CCCCCCCCCCOS(=O)(=O)[O-],0.05,CC(C)CC(C)(C#CC(C)(CC(C)C)OCCOCCOCCOCCOCCO)OCCOCCOCCOCCOCCO,0.95
CCCCCCCCCCOS(=O)(=O)[O-],0.1,CC(C)CC(C)(C#CC(C)(CC(C)C)OCCOCCOCCOCCOCCO)OCCOCCOCCOCCOCCO,0.9
CCCCCCCCCCOS(=O)(=O)[O-],0.3,CC(C)CC(C)(C#CC(C)(CC(C)C)OCCOCCOCCOCCOCCO)OCCOCCOCCOCCOCCO,0.7
CCCCCCCCCCOS(=O)(=O)[O-],0.5,CC(C)CC(C)(C#CC(C)(CC(C)C)OCCOCCOCCOCCOCCO)OCCOCCOCCOCCOCCO,0.5
CCCCCCCCCCOS(=O)(=O)[O-],0.7,CC(C)CC(C)(C#CC(C)(CC(C)C)OCCOCCOCCOCCOCCO)OCCOCCOCCOCCOCCO,0.3
CCCCCCCCCCOS(=O)(=O)[O-],0.9,CC(C)CC(C)(C#CC(C)(CC(C)C)OCCOCCOCCOCCOCCO)OCCOCCOCCOCCOCCO,0.1
CCCCCCCCCCOS(=O)(=O)[O-],0.95,CC(C)CC(C)(C#CC(C)(CC(C)C)OCCOCCOCCOCCOCCO)OCCOCCOCCOCCOCCO,0.05
CCCCCCCCCCOS(=O)(=O)[O-],1.0,CC(C)CC(C)(C#CC(C)(CC(C)C)OCCOCCOCCOCCOCCO)OCCOCCOCCOCCOCCO,0.0
CCCCCCCCCCCCOS(=O)(=O)[O-],0.0,CC(C)CC(C)(C#CC(C)(CC(C)C)OCCOCCOCCOCCOCCO)OCCOCCOCCOCCOCCO,1.0
CCCCCCCCCCCCOS(=O)(=O)[O-],0.05,CC(C)CC(C)(C#CC(C)(CC(C)C)OCCOCCOCCOCCOCCO)OCCOCCOCCOCCOCCO,0.95
CCCCCCCCCCCCOS(=O)(=O)[O-],0.1,CC(C)CC(C)(C#CC(C)(CC(C)C)OCCOCCOCCOCCOCCO)OCCOCCOCCOCCOCCO,0.9
CCCCCCCCCCCCOS(=O)(=O)[O-],0.3,CC(C)CC(C)(C#CC(C)(CC(C)C)OCCOCCOCCOCCOCCO)OCCOCCOCCOCCOCCO,0.7
CCCCCCCCCCCCOS(=O)(=O)[O-],0.5,CC(C)CC(C)(C#CC(C)(CC(C)C)OCCOCCOCCOCCOCCO)OCCOCCOCCOCCOCCO,0.5
CCCCCCCCCCCCOS(=O)(=O)[O-],0.7,CC(C)CC(C)(C#CC(C)(CC(C)C)OCCOCCOCCOCCOCCO)OCCOCCOCCOCCOCCO,0.3
CCCCCCCCCCCCOS(=O)(=O)[O-],0.9,CC(C)CC(C)(C#CC(C)(CC(C)C)OCCOCCOCCOCCOCCO)OCCOCCOCCOCCOCCO,0.1
CCCCCCCCCCCCOS(=O)(=O)[O-],0.95,CC(C)CC(C)(C#CC(C)(CC(C)C)OCCOCCOCCOCCOCCO)OCCOCCOCCOCCOCCO,0.05
CCCCCCCCCCCCOS(=O)(=O)[O-],1.0,CC(C)CC(C)(C#CC(C)(CC(C)C)OCCOCCOCCOCCOCCO)OCCOCCOCCOCCOCCO,0.0
CCCCC(CC)CCC(CC(C)C)OS(=O)(=O)[O-],0.0,CC(C)CC(C)(C#CC(C)(CC(C)C)OCCOCCOCCOCCOCCO)OCCOCCOCCOCCOCCO,1.0
CCCCC(CC)CCC(CC(C)C)OS(=O)(=O)[O-],0.05,CC(C)CC(C)(C#CC(C)(CC(C)C)OCCOCCOCCOCCOCCO)OCCOCCOCCOCCOCCO,0.95
CCCCC(CC)CCC(CC(C)C)OS(=O)(=O)[O-],0.1,CC(C)CC(C)(C#CC(C)(CC(C)C)OCCOCCOCCOCCOCCO)OCCOCCOCCOCCOCCO,0.9
CCCCC(CC)CCC(CC(C)C)OS(=O)(=O)[O-],0.3,CC(C)CC(C)(C#CC(C)(CC(C)C)OCCOCCOCCOCCOCCO)OCCOCCOCCOCCOCCO,0.7
CCCCC(CC)CCC(CC(C)C)OS(=O)(=O)[O-],0.5,CC(C)CC(C)(C#CC(C)(CC(C)C)OCCOCCOCCOCCOCCO)OCCOCCOCCOCCOCCO,0.5
CCCCC(CC)CCC(CC(C)C)OS(=O)(=O)[O-],0.7,CC(C)CC(C)(C#CC(C)(CC(C)C)OCCOCCOCCOCCOCCO)OCCOCCOCCOCCOCCO,0.3
CCCCC(CC)CCC(CC(C)C)OS(=O)(=O)[O-],0.9,CC(C)CC(C)(C#CC(C)(CC(C)C)OCCOCCOCCOCCOCCO)OCCOCCOCCOCCOCCO,0.1
CCCCC(CC)CCC(CC(C)C)OS(=O)(=O)[O-],0.95,CC(C)CC(C)(C#CC(C)(CC(C)C)OCCOCCOCCOCCOCCO)OCCOCCOCCOCCOCCO,0.05
CCCCC(CC)CCC(CC(C)C)OS(=O)(=O)[O-],1.0,CC(C)CC(C)(C#CC(C)(CC(C)C)OCCOCCOCCOCCOCCO)OCCOCCOCCOCCOCCO,0.0
CCCCCCCCCCS(=O)(=O)[O-],0.0,CC(C)CC(C)(C#CC(C)(CC(C)C)OCCOCCOCCOCCOCCO)OCCOCCOCCOCCOCCO,1.0
CCCCCCCCCCS(=O)(=O)[O-],0.05,CC(C)CC(C)(C#CC(C)(CC(C)C)OCCOCCOCCOCCOCCO)OCCOCCOCCOCCOCCO,0.95
CCCCCCCCCCS(=O)(=O)[O-],0.1,CC(C)CC(C)(C#CC(C)(CC(C)C)OCCOCCOCCOCCOCCO)OCCOCCOCCOCCOCCO,0.9
CCCCCCCCCCS(=O)(=O)[O-],0.3,CC(C)CC(C)(C#CC(C)(CC(C)C)OCCOCCOCCOCCOCCO)OCCOCCOCCOCCOCCO,0.7
CCCCCCCCCCS(=O)(=O)[O-],0.5,CC(C)CC(C)(C#CC(C)(CC(C)C)OCCOCCOCCOCCOCCO)OCCOCCOCCOCCOCCO,0.5
CCCCCCCCCCS(=O)(=O)[O-],0.7,CC(C)CC(C)(C#CC(C)(CC(C)C)OCCOCCOCCOCCOCCO)OCCOCCOCCOCCOCCO,0.3
CCCCCCCCCCS(=O)(=O)[O-],0.9,CC(C)CC(C)(C#CC(C)(CC(C)C)OCCOCCOCCOCCOCCO)OCCOCCOCCOCCOCCO,0.1
CCCCCCCCCCS(=O)(=O)[O-],0.95,CC(C)CC(C)(C#CC(C)(CC(C)C)OCCOCCOCCOCCOCCO)OCCOCCOCCOCCOCCO,0.05
CCCCCCCCCCS(=O)(=O)[O-],1.0,CC(C)CC(C)(C#CC(C)(CC(C)C)OCCOCCOCCOCCOCCO)OCCOCCOCCOCCOCCO,0.0
CCCCCCCCCCCCS(=O)(=O)[O-],0.0,CC(C)CC(C)(C#CC(C)(CC(C)C)OCCOCCOCCOCCOCCO)OCCOCCOCCOCCOCCO,1.0
CCCCCCCCCCCCS(=O)(=O)[O-],0.05,CC(C)CC(C)(C#CC(C)(CC(C)C)OCCOCCOCCOCCOCCO)OCCOCCOCCOCCOCCO,0.95
CCCCCCCCCCCCS(=O)(=O)[O-],0.1,CC(C)CC(C)(C#CC(C)(CC(C)C)OCCOCCOCCOCCOCCO)OCCOCCOCCOCCOCCO,0.9
CCCCCCCCCCCCS(=O)(=O)[O-],0.3,CC(C)CC(C)(C#CC(C)(CC(C)C)OCCOCCOCCOCCOCCO)OCCOCCOCCOCCOCCO,0.7
CCCCCCCCCCCCS(=O)(=O)[O-],0.5,CC(C)CC(C)(C#CC(C)(CC(C)C)OCCOCCOCCOCCOCCO)OCCOCCOCCOCCOCCO,0.5
CCCCCCCCCCCCS(=O)(=O)[O-],0.7,CC(C)CC(C)(C#CC(C)(CC(C)C)OCCOCCOCCOCCOCCO)OCCOCCOCCOCCOCCO,0.3
CCCCCCCCCCCCS(=O)(=O)[O-],0.9,CC(C)CC(C)(C#CC(C)(CC(C)C)OCCOCCOCCOCCOCCO)OCCOCCOCCOCCOCCO,0.1
CCCCCCCCCCCCS(=O)(=O)[O-],0.95,CC(C)CC(C)(C#CC(C)(CC(C)C)OCCOCCOCCOCCOCCO)OCCOCCOCCOCCOCCO,0.05
CCCCCCCCCCCCS(=O)(=O)[O-],1.0,CC(C)CC(C)(C#CC(C)(CC(C)C)OCCOCCOCCOCCOCCO)OCCOCCOCCOCCOCCO,0.0
CCCCC(CC)CCC(CC(C)C)S(=O)(=O)[O-],0.0,CC(C)CC(C)(C#CC(C)(CC(C)C)OCCOCCOCCOCCOCCO)OCCOCCOCCOCCOCCO,1.0
CCCCC(CC)CCC(CC(C)C)S(=O)(=O)[O-],0.05,CC(C)CC(C)(C#CC(C)(CC(C)C)OCCOCCOCCOCCOCCO)OCCOCCOCCOCCOCCO,0.95
CCCCC(CC)CCC(CC(C)C)S(=O)(=O)[O-],0.1,CC(C)CC(C)(C#CC(C)(CC(C)C)OCCOCCOCCOCCOCCO)OCCOCCOCCOCCOCCO,0.9
CCCCC(CC)CCC(CC(C)C)S(=O)(=O)[O-],0.3,CC(C)CC(C)(C#CC(C)(CC(C)C)OCCOCCOCCOCCOCCO)OCCOCCOCCOCCOCCO,0.7
CCCCC(CC)CCC(CC(C)C)S(=O)(=O)[O-],0.5,CC(C)CC(C)(C#CC(C)(CC(C)C)OCCOCCOCCOCCOCCO)OCCOCCOCCOCCOCCO,0.5
CCCCC(CC)CCC(CC(C)C)S(=O)(=O)[O-],0.7,CC(C)CC(C)(C#CC(C)(CC(C)C)OCCOCCOCCOCCOCCO)OCCOCCOCCOCCOCCO,0.3
CCCCC(CC)CCC(CC(C)C)S(=O)(=O)[O-],0.9,CC(C)CC(C)(C#CC(C)(CC(C)C)OCCOCCOCCOCCOCCO)OCCOCCOCCOCCOCCO,0.1
CCCCC(CC)CCC(CC(C)C)S(=O)(=O)[O-],0.95,CC(C)CC(C)(C#CC(C)(CC(C)C)OCCOCCOCCOCCOCCO)OCCOCCOCCOCCOCCO,0.05
CCCCC(CC)CCC(CC(C)C)S(=O)(=O)[O-],1.0,CC(C)CC(C)(C#CC(C)(CC(C)C)OCCOCCOCCOCCOCCO)OCCOCCOCCOCCOCCO,0.0
O=C(O)C(F)(F)C(F)(F)C(F)(F)C(F)(F)C(F)(F)C(F)(F)C(F)(F)F,0.0,CCCCCCCCn1cc[n+](C)c1,1.0
O=C(O)C(F)(F)C(F)(F)C(F)(F)C(F)(F)C(F)(F)C(F)(F)C(F)(F)F,0.25,CCCCCCCCn1cc[n+](C)c1,0.75
O=C(O)C(F)(F)C(F)(F)C(F)(F)C(F)(F)C(F)(F)C(F)(F)C(F)(F)F,0.5,CCCCCCCCn1cc[n+](C)c1,0.5
O=C(O)C(F)(F)C(F)(F)C(F)(F)C(F)(F)C(F)(F)C(F)(F)C(F)(F)F,0.75,CCCCCCCCn1cc[n+](C)c1,0.25
O=C(O)C(F)(F)C(F)(F)C(F)(F)C(F)(F)C(F)(F)C(F)(F)C(F)(F)F,1.0,CCCCCCCCn1cc[n+](C)c1,0.0
O=C(O)C(F)(F)C(F)(F)C(F)(F)C(F)(F)C(F)(F)C(F)(F)C(F)(F)F,0.0,CCCCCCCCCCn1cc[n+](C)c1,1.0
O=C(O)C(F)(F)C(F)(F)C(F)(F)C(F)(F)C(F)(F)C(F)(F)C(F)(F)F,0.25,CCCCCCCCCCn1cc[n+](C)c1,0.75
O=C(O)C(F)(F)C(F)(F)C(F)(F)C(F)(F)C(F)(F)C(F)(F)C(F)(F)F,0.5,CCCCCCCCCCn1cc[n+](C)c1,0.5
O=C(O)C(F)(F)C(F)(F)C(F)(F)C(F)(F)C(F)(F)C(F)(F)C(F)(F)F,0.75,CCCCCCCCCCn1cc[n+](C)c1,0.25
O=C(O)C(F)(F)C(F)(F)C(F)(F)C(F)(F)C(F)(F)C(F)(F)C(F)(F)F,1.0,CCCCCCCCCCn1cc[n+](C)c1,0.0
CCCCCCCCC(O)CO,0.5,CCCCCCCCC(O)CO,0.5
CCCCCCCCC(O)CCO,0.5,CCCCCCCCC(O)CCO,0.5
CCCCCCCCCCCCC(O)CCO,0.5,CCCCCCCCCCCCC(O)CCO,0.5
CCCCCCCCOCCO,0.5,CCCCCCCCOCCO,0.5
CCCCCCCCOCCOCCOCCO,0.5,CCCCCCCCOCCOCCOCCO,0.5
CCCCCCCCOCCOCCOCCOCCOCCO,0.5,CCCCCCCCOCCOCCOCCOCCOCCO,0.5
CCCCCCCCOCCOCCOCCOCCOCCOCCO,0.5,CCCCCCCCOCCOCCOCCOCCOCCOCCO,0.5
CCCCCCCCCCOCCOCCOCCOCCO,0.5,CCCCCCCCCCOCCOCCOCCOCCO,0.5
CCCCCCCCCCOCCOCCOCCOCCOCCO,0.5,CCCCCCCCCCOCCOCCOCCOCCOCCO,0.5
CCCCCCCCCCOCCOCCOCCOCCOCCOCCO,0.5,CCCCCCCCCCOCCOCCOCCOCCOCCOCCO,0.5
CCCCCCCCCCOCCOCCOCCOCCOCCOCCOCCOCCO,0.5,CCCCCCCCCCOCCOCCOCCOCCOCCOCCOCCOCCO,0.5
CCCCCCCCCCCOCCOCCOCCOCCOCCOCCOCCOCCO,0.5,CCCCCCCCCCCOCCOCCOCCOCCOCCOCCOCCOCCO,0.5
CCCCCCCCCCCCOCCOCCO,0.5,CCCCCCCCCCCCOCCOCCO,0.5
CCCCCCCCCCCCOCCOCCOCCO,0.5,CCCCCCCCCCCCOCCOCCOCCO,0.5
CCCCCCCCCCCCOCCOCCOCCOCCO,0.5,CCCCCCCCCCCCOCCOCCOCCOCCO,0.5
CCCCCCCCCCCCOCCOCCOCCOCCOCCO,0.5,CCCCCCCCCCCCOCCOCCOCCOCCOCCO,0.5
CCCCCCCCCCCCOCCOCCOCCOCCOCCOCCOCCO,0.5,CCCCCCCCCCCCOCCOCCOCCOCCOCCOCCOCCO,0.5
CCCCCCCCCCCCOCCOCCOCCOCCOCCOCCOCCOCCO,0.5,CCCCCCCCCCCCOCCOCCOCCOCCOCCOCCOCCOCCO,0.5
CCCCCCCCCCCCCOCCOCCOCCOCCOCCO,0.5,CCCCCCCCCCCCCOCCOCCOCCOCCOCCO,0.5
CCCCCCCCCCCCCOCCOCCOCCOCCOCCOCCOCCOCCO,0.5,CCCCCCCCCCCCCOCCOCCOCCOCCOCCOCCOCCOCCO,0.5
CCCCCCCCCCCCCCOCCOCCOCCOCCOCCOCCO,0.5,CCCCCCCCCCCCCCOCCOCCOCCOCCOCCOCCO,0.5
CCCCCCCCCCCCCCOCCOCCOCCOCCOCCOCCOCCOCCO,0.5,CCCCCCCCCCCCCCOCCOCCOCCOCCOCCOCCOCCOCCO,0.5
CCCCCCCCCCCCCCCOCCOCCOCCOCCOCCOCCOCCOCCO,0.5,CCCCCCCCCCCCCCCOCCOCCOCCOCCOCCOCCOCCOCCO,0.5
CCCCCCCCCCCCCCCCOCCOCCOCCOCCOCCOCCO,0.5,CCCCCCCCCCCCCCCCOCCOCCOCCOCCOCCOCCO,0.5
CCCCCCCCCCCCCCCCOCCOCCOCCOCCOCCOCCOCCO,0.5,CCCCCCCCCCCCCCCCOCCOCCOCCOCCOCCOCCOCCO,0.5
CCCCCCCCCCCCCCCCOCCOCCOCCOCCOCCOCCOCCOCCOCCO,0.5,CCCCCCCCCCCCCCCCOCCOCCOCCOCCOCCOCCOCCOCCOCCO,0.5
CCCCCCCCCCCCCCCCOCCOCCOCCOCCOCCOCCOCCOCCOCCOCCOCCOCCO,0.5,CCCCCCCCCCCCCCCCOCCOCCOCCOCCOCCOCCOCCOCCOCCOCCOCCOCCO,0.5
CCCCCCCCCCCCCCCCOCCOCCOCCOCCOCCOCCOCCOCCOCCOCCOCCOCCOCCOCCOCCO,0.5,CCCCCCCCCCCCCCCCOCCOCCOCCOCCOCCOCCOCCOCCOCCOCCOCCOCCOCCOCCOCCO,0.5
CCCCCCCCCCCCCCCCOCCOCCOCCOCCOCCOCCOCCOCCOCCOCCOCCOCCOCCOCCOCCOCCOCCOCCOCCOCCOCCO,0.5,CCCCCCCCCCCCCCCCOCCOCCOCCOCCOCCOCCOCCOCCOCCOCCOCCOCCOCCOCCOCCOCCOCCOCCOCCOCCOCCO,0.5
CCCCCCCCCCCC(=O)N(CCO)CCO,0.5,CCCCCCCCCCCC(=O)N(CCO)CCO,0.5
OCCOCCOCCSCCC(F)(F)C(F)(F)C(F)(F)C(F)(F)C(F)(F)C(F)(F)F,0.5,OCCOCCOCCSCCC(F)(F)C(F)(F)C(F)(F)C(F)(F)C(F)(F)C(F)(F)F,0.5
OCCOCCOCCOCCSCCC(F)(F)C(F)(F)C(F)(F)C(F)(F)C(F)(F)C(F)(F)F,0.5,OCCOCCOCCOCCSCCC(F)(F)C(F)(F)C(F)(F)C(F)(F)C(F)(F)C(F)(F)F,0.5
OCCOCCOCCOCCOCCOCCSCCC(F)(F)C(F)(F)C(F)(F)C(F)(F)C(F)(F)C(F)(F)F,0.5,OCCOCCOCCOCCOCCOCCSCCC(F)(F)C(F)(F)C(F)(F)C(F)(F)C(F)(F)C(F)(F)F,0.5
OCCOCCOCCOCCOCCOCCOCCOCCSCCC(F)(F)C(F)(F)C(F)(F)C(F)(F)C(F)(F)C(F)(F)F,0.5,OCCOCCOCCOCCOCCOCCOCCOCCSCCC(F)(F)C(F)(F)C(F)(F)C(F)(F)C(F)(F)C(F)(F)F,0.5
CCCCCCNC(=O)C(O)C(O)C(OC1OC(CO)C(O)C(O)C1O)C(O)CO,0.5,CCCCCCNC(=O)C(O)C(O)C(OC1OC(CO)C(O)C(O)C1O)C(O)CO,0.5
CC(C)(C)CC(C)(C)c1ccc(OCCOCCOCCOCCOCCOCCOCCOCCOCCOCCO)cc1,0.5,CC(C)(C)CC(C)(C)c1ccc(OCCOCCOCCOCCOCCOCCOCCOCCOCCOCCO)cc1,0.5
CC(C)(C)CC(C)(C)c1ccc(OCCOCCO)cc1,0.5,CC(C)(C)CC(C)(C)c1ccc(OCCOCCO)cc1,0.5
CC(C)(C)CC(C)(C)c1ccc(OCCOCCOCCO)cc1,0.5,CC(C)(C)CC(C)(C)c1ccc(OCCOCCOCCO)cc1,0.5
CC(C)(C)CC(C)(C)c1ccc(OCCOCCOCCOCCO)cc1,0.5,CC(C)(C)CC(C)(C)c1ccc(OCCOCCOCCOCCO)cc1,0.5
CC(C)(C)CC(C)(C)c1ccc(OCCOCCOCCOCCOCCO)cc1,0.5,CC(C)(C)CC(C)(C)c1ccc(OCCOCCOCCOCCOCCO)cc1,0.5
CC(C)(C)CC(C)(C)c1ccc(OCCOCCOCCOCCOCCOCCO)cc1,0.5,CC(C)(C)CC(C)(C)c1ccc(OCCOCCOCCOCCOCCOCCO)cc1,0.5
CC(C)(C)CC(C)(C)c1ccc(OCCOCCOCCOCCOCCOCCOCCO)cc1,0.5,CC(C)(C)CC(C)(C)c1ccc(OCCOCCOCCOCCOCCOCCOCCO)cc1,0.5
CC(C)(C)CC(C)(C)c1ccc(OCCOCCOCCOCCOCCOCCOCCOCCO)cc1,0.5,CC(C)(C)CC(C)(C)c1ccc(OCCOCCOCCOCCOCCOCCOCCOCCO)cc1,0.5
CC(C)(C)CC(C)(C)c1ccc(OCCOCCOCCOCCOCCOCCOCCOCCOCCO)cc1,0.5,CC(C)(C)CC(C)(C)c1ccc(OCCOCCOCCOCCOCCOCCOCCOCCOCCO)cc1,0.5
CCCCCCCCC=CCCCCCCCC(=O)OC1(OC2(CO)OC(CO)C(O)C2O)OC(CO)C(O)C(O)C1O,0.5,CCCCCCCCC=CCCCCCCCC(=O)OC1(OC2(CO)OC(CO)C(O)C2O)OC(CO)C(O)C(O)C1O,0.5
CCCCCCCCCC(=O)CC(=O)NC1CCOC1=O,0.5,CCCCCCCCCC(=O)CC(=O)NC1CCOC1=O,0.5
CCCCCC(=O)CC(=O)NC1CCOC1=O,0.5,CCCCCC(=O)CC(=O)NC1CCOC1=O,0.5
CCCCCCCCCCCC(=O)NC1CCOC1=O,0.5,CCCCCCCCCCCC(=O)NC1CCOC1=O,0.5
CCCCCCCCCCCCCCCC(=O)NC1CCOC1=O,0.5,CCCCCCCCCCCCCCCC(=O)NC1CCOC1=O,0.5
CCCCCCCCOCC(O)CO,0.5,CCCCCCCCOCC(O)CO,0.5
CCCCCCCCOC1OC(CO)C(O)C(O)C1O,0.5,CCCCCCCCOC1OC(CO)C(O)C(O)C1O,0.5
CCCCOCC(O)C(O)C(O)CO,0.5,CCCCOCC(O)C(O)C(O)CO,0.5
CCCCCCCCCC(=O)OCC(O)C(O)C(O)CO,0.5,CCCCCCCCCC(=O)OCC(O)C(O)C(O)CO,0.5
CCCCCCC(=O)OCC(O)C(O)C(O)CO,0.5,CCCCCCC(=O)OCC(O)C(O)C(O)CO,0.5
CCCCCCCOCC(O)C(O)C(O)CO,0.5,CCCCCCCOCC(O)C(O)C(O)CO,0.5
CCCCCC(=O)OCC(O)C(O)C(O)CO,0.5,CCCCCC(=O)OCC(O)C(O)C(O)CO,0.5
CCCCCCOCC(O)C(O)C(O)CO,0.5,CCCCCCOCC(O)C(O)C(O)CO,0.5
CCCCCCCCC(=O)OCC(O)C(O)C(O)CO,0.5,CCCCCCCCC(=O)OCC(O)C(O)C(O)CO,0.5
CCCCCCCCCOCC(O)C(O)C(O)CO,0.5,CCCCCCCCCOCC(O)C(O)C(O)CO,0.5
CCCCCCCC(=O)OCC(O)C(O)C(O)CO,0.5,CCCCCCCC(=O)OCC(O)C(O)C(O)CO,0.5
CCCCCCCCOCC(O)C(O)C(O)CO,0.5,CCCCCCCCOCC(O)C(O)C(O)CO,0.5
CCCCC(=O)OCC(O)C(O)C(O)CO,0.5,CCCCC(=O)OCC(O)C(O)C(O)CO,0.5
CCCCCOCC(O)C(O)C(O)CO,0.5,CCCCCOCC(O)C(O)C(O)CO,0.5
CCCCSCC(O)C(O)C(O)CO,0.5,CCCCSCC(O)C(O)C(O)CO,0.5
CCCCCSCC(O)C(O)C(O)CO,0.5,CCCCCSCC(O)C(O)C(O)CO,0.5
CCCCCC(CCCC)OC1OC(CO)C(O)C(O)C1O,0.5,CCCCCC(CCCC)OC1OC(CO)C(O)C(O)C1O,0.5
CCCCCCCC(CC)OC1OC(CO)C(O)C(O)C1O,0.5,CCCCCCCC(CC)OC1OC(CO)C(O)C(O)C1O,0.5
CCCCCCCCC(C)OC1OC(CO)C(O)C(O)C1O,0.5,CCCCCCCCC(C)OC1OC(CO)C(O)C(O)C1O,0.5
CCCCCCC(CCC)OC1OC(CO)C(O)C(O)C1O,0.5,CCCCCCC(CCC)OC1OC(CO)C(O)C(O)C1O,0.5
CCCCCCCCCCCC(=O)OCC1OC(OC2C(CO)OC(O)C(O)C2O)C(O)C(O)C1O,0.5,CCCCCCCCCCCC(=O)OCC1OC(OC2C(CO)OC(O)C(O)C2O)C(O)C(O)C1O,0.5
CCCCCCCC(CCCCCC)SCCC(=O)OCC1(O)C(O)C(O)C(O)C1O,0.5,CCCCCCCC(CCCCCC)SCCC(=O)OCC1(O)C(O)C(O)C(O)C1O,0.5
CCCCCCCCCC(=O)N(C)CC(O)C(O)C(O)C(O)CO,0.5,CCCCCCCCCC(=O)N(C)CC(O)C(O)C(O)C(O)CO,0.5
CCCCCCCCC(=O)N(C)CC(O)C(O)C(O)C(O)CO,0.5,CCCCCCCCC(=O)N(C)CC(O)C(O)C(O)C(O)CO,0.5
CCCCCCCC(=O)N(C)CC(O)C(O)C(O)C(O)CO,0.5,CCCCCCCC(=O)N(C)CC(O)C(O)C(O)C(O)CO,0.5
CCCCCCCCCCCC(=O)OCC1OC(OCC2OC(OC3(CO)OC(CO)C(O)C3O)C(O)C(O)C2O)C(O)C(O)C1O,0.5,CCCCCCCCCCCC(=O)OCC1OC(OCC2OC(OC3(CO)OC(CO)C(O)C3O)C(O)C(O)C2O)C(O)C(O)C1O,0.5
CCCCCCCCCCCC(=O)OCC1OC(OCC2OC(OCC3OC(OC4(CO)OC(CO)C(O)C4O)C(O)C(O)C3O)C(O)C(O)C2O)C(O)C(O)C1O,0.5,CCCCCCCCCCCC(=O)OCC1OC(OCC2OC(OCC3OC(OC4(CO)OC(CO)C(O)C4O)C(O)C(O)C3O)C(O)C(O)C2O)C(O)C(O)C1O,0.5
CCCCCCCCCCCC(=O)OCC1OC(OC2(CO)OC(CO)C(O)C2O)C(O)C(O)C1O,0.5,CCCCCCCCCCCC(=O)OCC1OC(OC2(CO)OC(CO)C(O)C2O)C(O)C(O)C1O,0.5
CCCCCCCCCCSCC(O)C(O)C(O)CO,0.5,CCCCCCCCCCSCC(O)C(O)C(O)CO,0.5
CCCCCCCCCCSC1OC(=O)C(O)C1O,0.5,CCCCCCCCCCSC1OC(=O)C(O)C1O,0.5
CCCCCCSCC(O)C(O)C(O)CO,0.5,CCCCCCSCC(O)C(O)C(O)CO,0.5
CCCCCCSC1OC(=O)C(O)C1O,0.5,CCCCCCSC1OC(=O)C(O)C1O,0.5
CCCCCCCCSCC(O)C(O)C(O)CO,0.5,CCCCCCCCSCC(O)C(O)C(O)CO,0.5
CCCCCCCCSC1OC(=O)C(O)C1O,0.5,CCCCCCCCSC1OC(=O)C(O)C1O,0.5
CCCCCCCC(=O)NC1C(O)OC(CO)C(O)C1O,0.5,CCCCCCCC(=O)NC1C(O)OC(CO)C(O)C1O,0.5
CCCCCCCC(=O)NC1OC(CO)C(O)C(O)C1O,0.5,CCCCCCCC(=O)NC1OC(CO)C(O)C(O)C1O,0.5
CC(C)CCCC(C)CCOC1OC(CO)C(O)C(O)C1O,0.5,CC(C)CCCC(C)CCOC1OC(CO)C(O)C(O)C1O,0.5
CC(C)CCCC(C)CCOC1OC(CO)C(OC2OC(CO)C(O)C(O)C2O)C(O)C1O,0.5,CC(C)CCCC(C)CCOC1OC(CO)C(OC2OC(CO)C(O)C(O)C2O)C(O)C1O,0.5
CC(C)CCCC(C)CCOC1OC(CO)C(OC2OC(CO)C(OC3OC(CO)C(O)C(O)C3O)C(O)C2O)C(O)C1O,0.5,CC(C)CCCC(C)CCOC1OC(CO)C(OC2OC(CO)C(OC3OC(CO)C(O)C(O)C3O)C(O)C2O)C(O)C1O,0.5
CCCCCCCCCOC1OC(CO)C(O)C(O)C1N,0.5,CCCCCCCCCOC1OC(CO)C(O)C(O)C1N,0.5
CCCCCCCCOC1OC(CO)C(O)C(O)C1N,0.5,CCCCCCCCOC1OC(CO)C(O)C(O)C1N,0.5
CCCCCCCCCCN(C)C(=O)C(O)C(O)C(O)C(O)CO,0.5,CCCCCCCCCCN(C)C(=O)C(O)C(O)C(O)C(O)CO,0.5
CCCCCCCCCCN(C)C(=O)C(O)C(O)C(OC1OC(CO)C(O)C(O)C1O)C(O)CO,0.5,CCCCCCCCCCN(C)C(=O)C(O)C(O)C(OC1OC(CO)C(O)C(O)C1O)C(O)CO,0.5
CCCCCCCCCCCCN(C)C(=O)C(O)C(O)C(O)C(O)CO,0.5,CCCCCCCCCCCCN(C)C(=O)C(O)C(O)C(O)C(O)CO,0.5
CCCCCCCCCCCCN(C)C(=O)C(O)C(O)C(OC1OC(CO)C(O)C(O)C1O)C(O)CO,0.5,CCCCCCCCCCCCN(C)C(=O)C(O)C(O)C(OC1OC(CO)C(O)C(O)C1O)C(O)CO,0.5
CCCCCCCCCCCCCCCCN(C)C(=O)C(O)C(O)C(OC1OC(CO)C(O)C(O)C1O)C(O)CO,0.5,CCCCCCCCCCCCCCCCN(C)C(=O)C(O)C(O)C(OC1OC(CO)C(O)C(O)C1O)C(O)CO,0.5
CCCCCCCCCCCCCCCCCCN(C)C(=O)C(O)C(O)C(OC1OC(CO)C(O)C(O)C1O)C(O)CO,0.5,CCCCCCCCCCCCCCCCCCN(C)C(=O)C(O)C(O)C(OC1OC(CO)C(O)C(O)C1O)C(O)CO,0.5
CCCCCCCCC=CCCCCCCCCN(C)C(=O)C(O)C(O)C(O)C(O)CO,0.5,CCCCCCCCC=CCCCCCCCCN(C)C(=O)C(O)C(O)C(O)C(O)CO,0.5
CCCCCCCCC=CCCCCCCCCN(C)C(=O)C(O)C(O)C(OC1OC(CO)C(O)C(O)C1O)C(O)CO,0.5,CCCCCCCCC=CCCCCCCCCN(C)C(=O)C(O)C(O)C(OC1OC(CO)C(O)C(O)C1O)C(O)CO,0.5
CCCCCCCCCCCCCCN(C)C(=O)C(O)C(O)C(O)C(O)CO,0.5,CCCCCCCCCCCCCCN(C)C(=O)C(O)C(O)C(O)C(O)CO,0.5
CCCCCCCCCCCCCCN(C)C(=O)C(O)C(O)C(OC1OC(CO)C(O)C(O)C1O)C(O)CO,0.5,CCCCCCCCCCCCCCN(C)C(=O)C(O)C(O)C(OC1OC(CO)C(O)C(O)C1O)C(O)CO,0.5
CCCCCCCCCCCC(=O)N(C)CC(O)CO,0.5,CCCCCCCCCCCC(=O)N(C)CC(O)CO,0.5
CCCCCCCCCCCC(=O)N(C)CC(O)C(O)C(O)CO,0.5,CCCCCCCCCCCC(=O)N(C)CC(O)C(O)C(O)CO,0.5
CCCCCCCCCCOC1OC(CO)C(O)C(O)C1O,0.5,CCCCCCCCCCOC1OC(CO)C(O)C(O)C1O,0.5
CCCCCCCCCCOC1OC(CO)C(OC2OC(CO)C(O)C(O)C2O)C(O)C1O,0.5,CCCCCCCCCCOC1OC(CO)C(OC2OC(CO)C(O)C(O)C2O)C(O)C1O,0.5
CCCCCCCCCCCCOC1OC(CO)C(O)C(O)C1O,0.5,CCCCCCCCCCCCOC1OC(CO)C(O)C(O)C1O,0.5
CCCCCCCCC=CCCCCCCCC(=O)NCCOC1OC(CO)C(OC2OC(CO)C(O)C(O)C2O)C(O)C1O,0.5,CCCCCCCCC=CCCCCCCCC(=O)NCCOC1OC(CO)C(OC2OC(CO)C(O)C(O)C2O)C(O)C1O,0.5
CCCCCCCCC=CCCCCCCCCOC1OC(CO)C(OC2OC(CO)C(O)C(O)C2O)C(O)C1O,0.5,CCCCCCCCC=CCCCCCCCCOC1OC(CO)C(OC2OC(CO)C(O)C(O)C2O)C(O)C1O,0.5
CCCCCCCCC=CCCCCCCCCOC1OC(CO)C(OC2OC(CO)C(OC3OC(CO)C(O)C(O)C3O)C(O)C2O)C(O)C1O,0.5,CCCCCCCCC=CCCCCCCCCOC1OC(CO)C(OC2OC(CO)C(OC3OC(CO)C(O)C(O)C3O)C(O)C2O)C(O)C1O,0.5
CCCCCCCCCCNC(=O)C(O)C(O)C(OC1OC(CO)C(O)C(O)C1O)C(O)CO,0.5,CCCCCCCCCCNC(=O)C(O)C(O)C(OC1OC(CO)C(O)C(O)C1O)C(O)CO,0.5
CCCCCCCCCCCCNC(=O)C(O)C(O)C(OC1OC(CO)C(O)C(O)C1O)C(O)CO,0.5,CCCCCCCCCCCCNC(=O)C(O)C(O)C(OC1OC(CO)C(O)C(O)C1O)C(O)CO,0.5
CCCCCCCCCCCCOC1OC(CO)C(OC2OC(CO)C(O)C(O)C2O)C(O)C1O,0.5,CCCCCCCCCCCCOC1OC(CO)C(OC2OC(CO)C(O)C(O)C2O)C(O)C1O,0.5
CCCCCCCCNC(=O)C(O)C(O)C(OC1OC(CO)C(O)C(O)C1O)C(O)CO,0.5,CCCCCCCCNC(=O)C(O)C(O)C(OC1OC(CO)C(O)C(O)C1O)C(O)CO,0.5
CCCCCCCCCC(=O)N(C)CC(O)C(O)C(OC1OC(CO)C(O)C(O)C1O)C(O)CO,0.5,CCCCCCCCCC(=O)N(C)CC(O)C(O)C(OC1OC(CO)C(O)C(O)C1O)C(O)CO,0.5
CCCCCCCCCCCC(=O)N(C)CC(O)C(O)C(OC1OC(CO)C(O)C(O)C1O)C(O)CO,0.5,CCCCCCCCCCCC(=O)N(C)CC(O)C(O)C(OC1OC(CO)C(O)C(O)C1O)C(O)CO,0.5
CCCCCCCCCCCCCC(=O)N(C)CC(O)C(O)C(OC1OC(CO)C(O)C(O)C1O)C(O)CO,0.5,CCCCCCCCCCCCCC(=O)N(C)CC(O)C(O)C(OC1OC(CO)C(O)C(O)C1O)C(O)CO,0.5
CCCCCCCCCOC1OC(CO)C(O)C(O)C1O,0.5,CCCCCCCCCOC1OC(CO)C(O)C(O)C1O,0.5
CCCCCCCCSC1OC(CO)C(O)C(O)C1O,0.5,CCCCCCCCSC1OC(CO)C(O)C(O)C1O,0.5
CCCCCCOCCOCCOCCO,0.5,CCCCCCOCCOCCOCCO,0.5
CCCCCCCCCCOCCOCCOCCO,0.5,CCCCCCCCCCOCCOCCOCCO,0.5
CCCCCCCCCCCCOCCOCCOCCOCCOCCOCCO,0.5,CCCCCCCCCCCCOCCOCCOCCOCCOCCOCCO,0.5
CCCCCCCCOCCOCCOCCOCCOCCOCCOCCOCCO,0.5,CCCCCCCCOCCOCCOCCOCCOCCOCCOCCOCCO,0.5
CCCCCCCCCCOCCOCCOCCOCCOCCOCCOCCOCCOCCO,0.5,CCCCCCCCCCOCCOCCOCCOCCOCCOCCOCCOCCOCCO,0.5
CCCCCCCC[N+](C)(C)C,0.5,CCCCCCCC[N+](C)(C)C,0.5
CCCCCCCCCC[N+](C)(C)C,0.5,CCCCCCCCCC[N+](C)(C)C,0.5
CCCCCCCCCC[N+](C)(C)C,0.5,CCCCCCCCCC[N+](C)(C)C,0.5
CCCCCCCCCCCC[N+](C)(C)C,0.5,CCCCCCCCCCCC[N+](C)(C)C,0.5
CCCCCCCCCCCC[N+](C)(C)C,0.5,CCCCCCCCCCCC[N+](C)(C)C,0.5
CCCCCCCCCCCCCC[N+](C)(C)C,0.5,CCCCCCCCCCCCCC[N+](C)(C)C,0.5
CCCCCCCCCCCCCC[N+](C)(C)C,0.5,CCCCCCCCCCCCCC[N+](C)(C)C,0.5
CCCCCCCCCCCCCCCC[N+](C)(C)C,0.5,CCCCCCCCCCCCCCCC[N+](C)(C)C,0.5
CCCCCCCCCC[n+]1ccccc1,0.5,CCCCCCCCCC[n+]1ccccc1,0.5
CCCCCCCCCCC[n+]1ccccc1,0.5,CCCCCCCCCCC[n+]1ccccc1,0.5
CCCCCCCCCCCC[n+]1ccccc1,0.5,CCCCCCCCCCCC[n+]1ccccc1,0.5
CCCCCCCCCCCC[n+]1ccccc1,0.5,CCCCCCCCCCCC[n+]1ccccc1,0.5
CCCCCCCCCCCC[n+]1ccccc1,0.5,CCCCCCCCCCCC[n+]1ccccc1,0.5
CCCCCCCCCCCCC[n+]1ccccc1,0.5,CCCCCCCCCCCCC[n+]1ccccc1,0.5
CCCCCCCCCCCCCC[n+]1ccccc1,0.5,CCCCCCCCCCCCCC[n+]1ccccc1,0.5
CCCCCCCCCCCCCC[n+]1ccccc1,0.5,CCCCCCCCCCCCCC[n+]1ccccc1,0.5
CCCCCCCCCCCCCCC[n+]1ccccc1,0.5,CCCCCCCCCCCCCCC[n+]1ccccc1,0.5
CCCCCCCCCCCCCCCC[n+]1ccccc1,0.5,CCCCCCCCCCCCCCCC[n+]1ccccc1,0.5
CCCCCCCCCCCCCCCC[n+]1ccccc1,0.5,CCCCCCCCCCCCCCCC[n+]1ccccc1,0.5
CCCCCCCCCCCCCCCCCC[n+]1ccccc1,0.5,CCCCCCCCCCCCCCCCCC[n+]1ccccc1,0.5
CCCCCCCCCCCC[N+](C)(C)CC,0.5,CCCCCCCCCCCC[N+](C)(C)CC,0.5
CCCCCCCCCCCC[N+](C)(C)CCCC,0.5,CCCCCCCCCCCC[N+](C)(C)CCCC,0.5
CCCCCCCCCCCC[N+](C)(C)CCCCCC,0.5,CCCCCCCCCCCC[N+](C)(C)CCCCCC,0.5
CCCCCCCCCCCC[N+](C)(C)CCCCCCCC,0.5,CCCCCCCCCCCC[N+](C)(C)CCCCCCCC,0.5
CCCCCCCCCCCCCC[N+](CC)(CC)CC,0.5,CCCCCCCCCCCCCC[N+](CC)(CC)CC,0.5
CCCCCCCCCCCCCC[N+](CCC)(CCC)CCC,0.5,CCCCCCCCCCCCCC[N+](CCC)(CCC)CCC,0.5
CCCCCCCCCCCCCC[N+](CCCC)(CCCC)CCCC,0.5,CCCCCCCCCCCCCC[N+](CCCC)(CCCC)CCCC,0.5
CCCCCCCCCC[N+](C)(C)Cc1ccccc1,0.5,CCCCCCCCCC[N+](C)(C)Cc1ccccc1,0.5
CCCCCCCCCCCC[N+](C)(C)Cc1ccccc1,0.5,CCCCCCCCCCCC[N+](C)(C)Cc1ccccc1,0.5
CCCCCCCCCCCCCC[N+](C)(C)Cc1ccccc1,0.5,CCCCCCCCCCCCCC[N+](C)(C)Cc1ccccc1,0.5
CCCCCCCCCCCC[NH2+]CCO,0.5,CCCCCCCCCCCC[NH2+]CCO,0.5
CCCCCCCCCCCC[NH+]CCO,0.5,CCCCCCCCCCCC[NH+]CCO,0.5
CCCCCCCCCCCC[N+]CCO,0.5,CCCCCCCCCCCC[N+]CCO,0.5
CCCCCCCCCC[N+](C)(C)CCCCCCCCCC,0.5,CCCCCCCCCC[N+](C)(C)CCCCCCCCCC,0.5
CCCCCCCCCCCC[N+](C)(C)CCCCCCCCCCCC,0.5,CCCCCCCCCCCC[N+](C)(C)CCCCCCCCCCCC,0.5
CCCCCCCCCCCCCCCC(=O)NC(C(=O)[O-])C(C)C,0.5,CCCCCCCCCCCCCCCC(=O)NC(C(=O)[O-])C(C)C,0.5
CCCCCCCCCCCCCCCC(=O)NC(CC(C)C)C(=O)[O-],0.5,CCCCCCCCCCCCCCCC(=O)NC(CC(C)C)C(=O)[O-],0.5
CCCCCCCCCCS(=O)(=O)[O-],0.5,CCCCCCCCCCS(=O)(=O)[O-],0.5
CCCCCCCCCCCCS(=O)(=O)[O-],0.5,CCCCCCCCCCCCS(=O)(=O)[O-],0.5
CCCCCCCCCCCCS(=O)(=O)[O-],0.5,CCCCCCCCCCCCS(=O)(=O)[O-],0.5
CCCCCCCCCCCCS(=O)(=O)[O-],0.5,CCCCCCCCCCCCS(=O)(=O)[O-],0.5
CCCCCCCCCCCCS(=O)(=O)[O-],0.5,CCCCCCCCCCCCS(=O)(=O)[O-],0.5
CCCCCCCCCCCCOS(=O)(=O)[O-],0.5,CCCCCCCCCCCCOS(=O)(=O)[O-],0.5
CCCCCCCCCCCCOS(=O)(=O)[O-],0.5,CCCCCCCCCCCCOS(=O)(=O)[O-],0.5
CCCCCCCCCCCCCCOS(=O)(=O)[O-],0.5,CCCCCCCCCCCCCCOS(=O)(=O)[O-],0.5
CCCCCCCCCCOCCS(=O)(=O)[O-],0.5,CCCCCCCCCCOCCS(=O)(=O)[O-],0.5
CCCCCCCCCCCCOCCOS(=O)(=O)[O-],0.5,CCCCCCCCCCCCOCCOS(=O)(=O)[O-],0.5
CCCCCCCCCCCCOCCOCCOS(=O)(=O)[O-],0.5,CCCCCCCCCCCCOCCOCCOS(=O)(=O)[O-],0.5
CCCCCCCCCCCCCCCCOCCOCCOCCOCCOCCOS(=O)(=O)[O-],0.5,CCCCCCCCCCCCCCCCOCCOCCOCCOCCOCCOS(=O)(=O)[O-],0.5
CCCCCCCCC(CCCCCC)COCCOCCOCCOCCOCCOS(=O)(=O)[O-],0.5,CCCCCCCCC(CCCCCC)COCCOCCOCCOCCOCCOS(=O)(=O)[O-],0.5
CCCCCCOC(=O)CS(=O)(=O)[O-],0.5,CCCCCCOC(=O)CS(=O)(=O)[O-],0.5
CCCCCCCCOC(=O)CS(=O)(=O)[O-],0.5,CCCCCCCCOC(=O)CS(=O)(=O)[O-],0.5
CCCCCCCCCCOC(=O)CS(=O)(=O)[O-],0.5,CCCCCCCCCCOC(=O)CS(=O)(=O)[O-],0.5
CCCCOC(=O)CC(C(=O)OCCCC)S(=O)(=O)[O-],0.5,CCCCOC(=O)CC(C(=O)OCCCC)S(=O)(=O)[O-],0.5
CCCCCOC(=O)CC(C(=O)OCCCCC)S(=O)(=O)[O-],0.5,CCCCCOC(=O)CC(C(=O)OCCCCC)S(=O)(=O)[O-],0.5
CCCCC(CC)COC(=O)CC(C(=O)OCC(CC)CCCC)S(=O)(=O)[O-],0.5,CCCCC(CC)COC(=O)CC(C(=O)OCC(CC)CCCC)S(=O)(=O)[O-],0.5
CCCCCCCCOC(=O)CC(C(=O)OCCCCCCCC)S(=O)(=O)[O-],0.5,CCCCCCCCOC(=O)CC(C(=O)OCCCCCCCC)S(=O)(=O)[O-],0.5
CCCCCCCCCCCCC(C(=O)OCC)S(=O)(=O)[O-],0.5,CCCCCCCCCCCCC(C(=O)OCC)S(=O)(=O)[O-],0.5
CCCCCCCCCCCCC(C(=O)OCCCC)S(=O)(=O)[O-],0.5,CCCCCCCCCCCCC(C(=O)OCCCC)S(=O)(=O)[O-],0.5
O=C([O-])C(F)(F)C(F)(F)C(F)(F)C(F)(F)C(F)(F)C(F)(F)C(F)(F)F,0.5,O=C([O-])C(F)(F)C(F)(F)C(F)(F)C(F)(F)C(F)(F)C(F)(F)C(F)(F)F,0.5
O=C([O-])C(F)(F)C(F)(F)C(F)(F)C(F)(F)C(F)(F)C(F)(F)C(F)(F)F,0.5,O=C([O-])C(F)(F)C(F)(F)C(F)(F)C(F)(F)C(F)(F)C(F)(F)C(F)(F)F,0.5
O=C([O-])C(F)(F)C(F)(F)C(F)(F)C(F)(F)C(F)(F)C(F)(F)C(F)(F)F,0.5,O=C([O-])C(F)(F)C(F)(F)C(F)(F)C(F)(F)C(F)(F)C(F)(F)C(F)(F)F,0.5
O=C([O-])C(F)(F)C(F)(F)C(F)(F)C(F)(F)C(F)(C(F)(F)F)C(F)(F)F,0.5,O=C([O-])C(F)(F)C(F)(F)C(F)(F)C(F)(F)C(F)(C(F)(F)F)C(F)(F)F,0.5
O=C([O-])C(F)(F)C(F)(F)C(F)(F)C(F)(F)C(F)(F)C(F)(F)C(F)(F)C(F)(F)F,0.5,O=C([O-])C(F)(F)C(F)(F)C(F)(F)C(F)(F)C(F)(F)C(F)(F)C(F)(F)C(F)(F)F,0.5
O=S(=O)([O-])C(F)(F)C(F)(F)C(F)(F)C(F)(F)C(F)(F)C(F)(F)C(F)(F)C(F)(F)F,0.5,O=S(=O)([O-])C(F)(F)C(F)(F)C(F)(F)C(F)(F)C(F)(F)C(F)(F)C(F)(F)C(F)(F)F,0.5
CCCCCCOC(=O)CC(C(=O)OCCCCCC)S(=O)(=O)[O-],0.5,CCCCCCOC(=O)CC(C(=O)OCCCCCC)S(=O)(=O)[O-],0.5
CCCCCCCCCCCCCCC(C(=O)OC)S(=O)(=O)[O-],0.5,CCCCCCCCCCCCCCC(C(=O)OC)S(=O)(=O)[O-],0.5
CCCCCCCCCC[N+](C)(C)CC(=O)[O-],0.5,CCCCCCCCCC[N+](C)(C)CC(=O)[O-],0.5
CCCCCCCCCCCC[N+](C)(C)CC(=O)[O-],0.5,CCCCCCCCCCCC[N+](C)(C)CC(=O)[O-],0.5
CCCCCCCCCCCCCC[N+](C)(C)CC(=O)[O-],0.5,CCCCCCCCCCCCCC[N+](C)(C)CC(=O)[O-],0.5
CCCCCCCCCCCCCCCC[N+](C)(C)CC(=O)[O-],0.5,CCCCCCCCCCCCCCCC[N+](C)(C)CC(=O)[O-],0.5
CCCCCCCCCCCC[N+](C)(C)CCCC(=O)[O-],0.5,CCCCCCCCCCCC[N+](C)(C)CCCC(=O)[O-],0.5
CCCCCCCCCCCC[N+](C)(C)CCCCCC(=O)[O-],0.5,CCCCCCCCCCCC[N+](C)(C)CCCCCC(=O)[O-],0.5
CCCCCCCCCCCC[N+](C)(C)CCCCCCCC(=O)[O-],0.5,CCCCCCCCCCCC[N+](C)(C)CCCCCCCC(=O)[O-],0.5
CCCCCCCCCCC(C(=O)[O-])[n+]1ccccc1,0.5,CCCCCCCCCCC(C(=O)[O-])[n+]1ccccc1,0.5
CCCCCCCCCCCCC(C(=O)[O-])[n+]1ccccc1,0.5,CCCCCCCCCCCCC(C(=O)[O-])[n+]1ccccc1,0.5
CCCCCCCCCCCC[N+](C)(C)CCCS(=O)(=O)[O-],0.5,CCCCCCCCCCCC[N+](C)(C)CCCS(=O)(=O)[O-],0.5
CCCCCCCCCCCCCC[N+](C)(C)CCCS(=O)(=O)[O-],0.5,CCCCCCCCCCCCCC[N+](C)(C)CCCS(=O)(=O)[O-],0.5
CCCCC(C)CCCCOCCOCCOCCOCCOCCOCCO,0.5,CCCCC(C)CCCCOCCOCCOCCOCCOCCOCCO,0.5
CCCCC(C)CCCCOCCOCCOCCOCCOCCOCCOCCOCCOCCO,0.5,CCCCC(C)CCCCOCCOCCOCCOCCOCCOCCOCCOCCOCCO,0.5
CCC(C)CCOCCOCCOCCOCCOCCOCCO,0.5,CCC(C)CCOCCOCCOCCOCCOCCOCCO,0.5
CCCC(C)CCCOCCOCCOCCOCCOCCOCCO,0.5,CCCC(C)CCCOCCOCCOCCOCCOCCOCCO,0.5
CCCCCCCCCCCCC(C(=O)O)S(=O)(=O)O,0.5,CCCCCCCCCCCCC(C(=O)O)S(=O)(=O)O,0.5
CCCCCCOCCOCCOCCOCCOCCOCCO,0.5,CCCCCCOCCOCCOCCOCCOCCOCCO,0.5
CCCCCCCCCCCC[NH3+],0.5,CCCCCCCCCCCC[NH3+],0.5
CCCCCCCCCCCC[n+]1cccc2ccccc21,0.5,CCCCCCCCCCCC[n+]1cccc2ccccc21,0.5
CCCCCCOCCOCCOCCOCCO,0.5,CCCCCCOCCOCCOCCOCCO,0.5
CCCCCCOCCOCCOCCOCCOCCO,0.5,CCCCCCOCCOCCOCCOCCOCCO,0.5
CC(C)(C)OCCOCCOCCOCCOCCOCCO,0.5,CC(C)(C)OCCOCCOCCOCCOCCOCCO,0.5
C[N+](C)([O-])CCC(F)(F)C(F)(F)C(F)(F)C(F)(F)C(F)(F)C(F)(F)C(F)(F)F,0.5,C[N+](C)([O-])CCC(F)(F)C(F)(F)C(F)(F)C(F)(F)C(F)(F)C(F)(F)C(F)(F)F,0.5
CCCCCCCCC[N+](C)(C)[O-],0.5,CCCCCCCCC[N+](C)(C)[O-],0.5
CCCCCCCCOCCOCCOCCOCCOCCOCCOCCOCCOCCO,0.5,CCCCCCCCOCCOCCOCCOCCOCCOCCOCCOCCOCCO,0.5
CCCCCCCCCCCCc1cccc(S(=O)(=O)[O-])c1,0.5,CCCCCCCCCCCCc1cccc(S(=O)(=O)[O-])c1,0.5
CCCCCCCCCCCCc1ccc(S(=O)(=O)[O-])cc1,0.5,CCCCCCCCCCCCc1ccc(S(=O)(=O)[O-])cc1,0.5
CCCCCCCCCC(=O)[O-],0.5,CCCCCCCCCC(=O)[O-],0.5
CCCCCCCCCCOS(=O)(=O)[O-],0.5,CCCCCCCCCCOS(=O)(=O)[O-],0.5
CCCCCCCCC(C)OS(=O)(=O)[O-],0.5,CCCCCCCCC(C)OS(=O)(=O)[O-],0.5
CCCCC(OC(=O)C(CC(=O)[O-])S(=O)(=O)O)C(CC)CC,0.5,CCCCC(OC(=O)C(CC(=O)[O-])S(=O)(=O)O)C(CC)CC,0.5
CCCCCCCCCCCC(=O)[O-],0.5,CCCCCCCCCCCC(=O)[O-],0.5
CCCCCCCCCOS(=O)(=O)[O-],0.5,CCCCCCCCCOS(=O)(=O)[O-],0.5
CCCCCCCCOS(=O)(=O)[O-],0.5,CCCCCCCCOS(=O)(=O)[O-],0.5
CCCCCCCCS(=O)(=O)[O-],0.5,CCCCCCCCS(=O)(=O)[O-],0.5
CCCCCCCCCc1ccc(S(=O)(=O)[O-])cc1,0.5,CCCCCCCCCc1ccc(S(=O)(=O)[O-])cc1,0.5
CCCCCCCCCCCCCC(=O)[O-],0.5,CCCCCCCCCCCCCC(=O)[O-],0.5
CCCCCCCCCCCCC(C)OS(=O)(=O)[O-],0.5,CCCCCCCCCCCCC(C)OS(=O)(=O)[O-],0.5
CCCCCCCCCCC(CCC)OS(=O)(=O)[O-],0.5,CCCCCCCCCCC(CCC)OS(=O)(=O)[O-],0.5
CCCCCCCCCCCOS(=O)(=O)[O-],0.5,CCCCCCCCCCCOS(=O)(=O)[O-],0.5
CCCCCCCCOC1O[C@H](CO)[C@@H](O)[C@H](O)[C@H]1O,0.5,CCCCCCCCOC1O[C@H](CO)[C@@H](O)[C@H](O)[C@H]1O,0.5
CCCCCCCC[n+]1ccccc1,0.5,CCCCCCCC[n+]1ccccc1,0.5
CCCCCCCCCCCCCCCC[N+](C)(C)C,0.5,CCCCCCCCCCCCCCCC[N+](C)(C)C,0.5
CCCCCCCCCCCC[N+](C)(C)C,0.5,CCCCCCCCCCCC[N+](C)(C)C,0.5
CCCCCCOCCOCCOCCO,0.5,CCCCCCOCCOCCOCCO,0.5
CCCCCCCCCCCCCCCC[N+](CCC)(CCC)CCC,0.5,CCCCCCCCCCCCCCCC[N+](CCC)(CCC)CCC,0.5
CCCCCCCCCCCCCC[N+](CCC)(CCC)CCC,0.5,CCCCCCCCCCCCCC[N+](CCC)(CCC)CCC,0.5
CCCCCCCCCCCCCC[N+](C)(C)C,0.5,CCCCCCCCCCCCCC[N+](C)(C)C,0.5
CCCCCCCCCCCCCC[n+]1ccccc1,0.5,CCCCCCCCCCCCCC[n+]1ccccc1,0.5
CCCCCCCCCCCC[n+]1ccccc1,0.5,CCCCCCCCCCCC[n+]1ccccc1,0.5
CCCCCCCCCCCCCCCCOCCOCCOCCOS(=O)(=O)[O-],0.5,CCCCCCCCCCCCCCCCOCCOCCOCCOS(=O)(=O)[O-],0.5
CCCCCCCCCCCCCCCCOCCOCCOS(=O)(=O)[O-],0.5,CCCCCCCCCCCCCCCCOCCOCCOS(=O)(=O)[O-],0.5
CCCCCCCCCCCCCCCCOCCOS(=O)(=O)[O-],0.5,CCCCCCCCCCCCCCCCOCCOS(=O)(=O)[O-],0.5
CCCCCCCCCCCCCCCCCCOCCOCCOCCOS(=O)(=O)[O-],0.5,CCCCCCCCCCCCCCCCCCOCCOCCOCCOS(=O)(=O)[O-],0.5
CCCCCCCCCCCCCCCCCCOCCOCCOS(=O)(=O)[O-],0.5,CCCCCCCCCCCCCCCCCCOCCOCCOS(=O)(=O)[O-],0.5
CCCCCCCCCCCCCCCCCCOCCOS(=O)(=O)[O-],0.5,CCCCCCCCCCCCCCCCCCOCCOS(=O)(=O)[O-],0.5
CCCCCC(C)(C)c1ccc(OCCO)cc1,0.5,CCCCCC(C)(C)c1ccc(OCCO)cc1,0.5
CCCCCC(C)(C)c1ccc(OCCOCCO)cc1,0.5,CCCCCC(C)(C)c1ccc(OCCOCCO)cc1,0.5
CCCCCC(C)(C)c1ccc(OCCOCCOCCO)cc1,0.5,CCCCCC(C)(C)c1ccc(OCCOCCOCCO)cc1,0.5
CCCCCC(C)(C)c1ccc(OCCOCCOCCOCCO)cc1,0.5,CCCCCC(C)(C)c1ccc(OCCOCCOCCOCCO)cc1,0.5
CCCCCC(C)(C)c1ccc(OCCOCCOCCOCCOCCO)cc1,0.5,CCCCCC(C)(C)c1ccc(OCCOCCOCCOCCOCCO)cc1,0.5
CCCCCC(C)(C)c1ccc(OCCOCCOCCOCCOCCOCCO)cc1,0.5,CCCCCC(C)(C)c1ccc(OCCOCCOCCOCCOCCOCCO)cc1,0.5
CCCCCC(C)(C)c1ccc(OCCOCCOCCOCCOCCOCCOCCO)cc1,0.5,CCCCCC(C)(C)c1ccc(OCCOCCOCCOCCOCCOCCOCCO)cc1,0.5
CCCCCC(C)(C)c1ccc(OCCOCCOCCOCCOCCOCCOCCOCCO)cc1,0.5,CCCCCC(C)(C)c1ccc(OCCOCCOCCOCCOCCOCCOCCOCCO)cc1,0.5
CCCCCC(C)(C)c1ccc(OCCOCCOCCOCCOCCOCCOCCOCCOCCO)cc1,0.5,CCCCCC(C)(C)c1ccc(OCCOCCOCCOCCOCCOCCOCCOCCOCCO)cc1,0.5
CCCCCC(C)(C)c1ccc(OCCOCCOCCOCCOCCOCCOCCOCCOCCOCCO)cc1,0.5,CCCCCC(C)(C)c1ccc(OCCOCCOCCOCCOCCOCCOCCOCCOCCOCCO)cc1,0.5
CCCCCCCCCCCCCCCCOCCOCCOCCOCCOCCOCCO,0.5,CCCCCCCCCCCCCCCCOCCOCCOCCOCCOCCOCCO,0.5
CCCCCCCCCCCCCCCCOCCOCCOCCOCCOCCOCCOCCOCCOCCO,0.5,CCCCCCCCCCCCCCCCOCCOCCOCCOCCOCCOCCOCCOCCOCCO,0.5
CCCCCCCCCCCCCCCCOCCOCCOCCOCCOCCOCCOCCOCCOCCOCCOCCOCCOCCOCCOCCO,0.5,CCCCCCCCCCCCCCCCOCCOCCOCCOCCOCCOCCOCCOCCOCCOCCOCCOCCOCCOCCOCCO,0.5
CCCCCCCCCCCCCCCCOCCOCCOCCOCCOCCOCCOCCO,0.5,CCCCCCCCCCCCCCCCOCCOCCOCCOCCOCCOCCOCCO,0.5
CCCCCCCCCCCCCCCCOCCOCCOCCOCCOCCOCCOCCOCCOCCOCCOCCOCCO,0.5,CCCCCCCCCCCCCCCCOCCOCCOCCOCCOCCOCCOCCOCCOCCOCCOCCOCCO,0.5
CCCCCCCCCCCCCCCCOCCOCCOCCOCCOCCOCCOCCOCCOCCOCCOCCOCCOCCOCCOCCOCCOCCOCCOCCOCCOCCO,0.5,CCCCCCCCCCCCCCCCOCCOCCOCCOCCOCCOCCOCCOCCOCCOCCOCCOCCOCCOCCOCCOCCOCCOCCOCCOCCOCCO,0.5
O=S(=O)([O-])c1ccc(OCCCCCCOc2ccc(S(=O)(=O)[O-])cc2)cc1,0.5,O=S(=O)([O-])c1ccc(OCCCCCCOc2ccc(S(=O)(=O)[O-])cc2)cc1,0.5
CCCCCCCCCC1COCCC1OS(=O)(=O)[O-],0.5,CCCCCCCCCC1COCCC1OS(=O)(=O)[O-],0.5
CCCCCCCCCCCC1COCCC1OS(=O)(=O)[O-],0.5,CCCCCCCCCCCC1COCCC1OS(=O)(=O)[O-],0.5
CCCCCCCCCCCCCC1COCCC1OS(=O)(=O)[O-],0.5,CCCCCCCCCCCCCC1COCCC1OS(=O)(=O)[O-],0.5
CCCCCCCCCCCCCCCC1COCCC1OS(=O)(=O)[O-],0.5,CCCCCCCCCCCCCCCC1COCCC1OS(=O)(=O)[O-],0.5
CCCCCCCCCCC(O)CO,0.5,CCCCCCCCCCC(O)CO,0.5
CCCCCCCCC(O)CO,0.5,CCCCCCCCC(O)CO,0.5
CCCCCCCCCCCCC(O)CCO,0.5,CCCCCCCCCCCCC(O)CCO,0.5
CCCCCCCCCCC(O)CCO,0.5,CCCCCCCCCCC(O)CCO,0.5
CCCCCCCCC(O)CCO,0.5,CCCCCCCCC(O)CCO,0.5
CCCCCCCCOCCO,0.5,CCCCCCCCOCCO,0.5
CCCCCCCCOCC(O)CO,0.5,CCCCCCCCOCC(O)CO,0.5
CCCCCCCCCCC(C)OCCOCCO,0.5,CCCCCCCCCCC(C)OCCOCCO,0.5
CCCCCCCCCCC(C)OCCOCCOCCOCCOCCO,0.5,CCCCCCCCCCC(C)OCCOCCOCCOCCOCCO,0.5
CCCCCCCCCCC(C)OCCOCCOCCO,0.5,CCCCCCCCCCC(C)OCCOCCOCCO,0.5
CCCCCCCCCCC(C)OCCOCCOCCOCCOCCOCCOCCO,0.5,CCCCCCCCCCC(C)OCCOCCOCCOCCOCCOCCOCCO,0.5
CCCCCCCCCCC(C)OCCOCCOCCOCCO,0.5,CCCCCCCCCCC(C)OCCOCCOCCOCCO,0.5
CCCCCCCCCCC(C)OCCOCCOCCOCCOCCOCCOCCOCCO,0.5,CCCCCCCCCCC(C)OCCOCCOCCOCCOCCOCCOCCOCCO,0.5
CCCCCCCCCCCC(C(=O)O)[n+]1ccccc1,0.5,CCCCCCCCCCCC(C(=O)O)[n+]1ccccc1,0.5
CCCCCCCCCCC(C(=O)O)[n+]1ccccc1,0.5,CCCCCCCCCCC(C(=O)O)[n+]1ccccc1,0.5
CCCCCCCCCCCCS(=O)(=O)[O-],0.5,CCCCCCCCCCCCS(=O)(=O)[O-],0.5
CCCCCCCCCCOCCS(=O)(=O)[O-],0.5,CCCCCCCCCCOCCS(=O)(=O)[O-],0.5
CCCCCCCCCCCCOCCOS(=O)(=O)[O-],0.5,CCCCCCCCCCCCOCCOS(=O)(=O)[O-],0.5
CCCCCCCCCCCCOCCOCCOS(=O)(=O)[O-],0.5,CCCCCCCCCCCCOCCOCCOS(=O)(=O)[O-],0.5
CCCCCCCCCCCCOCCOCCOCCOCCOCCOCCOCCOCCO,0.5,CCCCCCCCCCCCOCCOCCOCCOCCOCCOCCOCCOCCO,0.5
CCCCCCCCOCCOCCOCCOCCOCCOCCO,0.5,CCCCCCCCOCCOCCOCCOCCOCCOCCO,0.5
CCCCCCCCO[C@@H]1O[C@H](CO)[C@@H](O)[C@H](O)[C@H]1O,0.5,CCCCCCCCO[C@@H]1O[C@H](CO)[C@@H](O)[C@H](O)[C@H]1O,0.5
CCCCCCCCCCO[C@@H]1O[C@H](CO)[C@@H](O)[C@H](O)[C@H]1O,0.5,CCCCCCCCCCO[C@@H]1O[C@H](CO)[C@@H](O)[C@H](O)[C@H]1O,0.5
CCCCCCCCCCCCO[C@@H]1O[C@H](CO)[C@@H](O)[C@H](O)[C@H]1O,0.5,CCCCCCCCCCCCO[C@@H]1O[C@H](CO)[C@@H](O)[C@H](O)[C@H]1O,0.5
CCCCCCCCCCCCCCCC[N+](C)(C)CC(=O)[O-],0.5,CCCCCCCCCCCCCCCC[N+](C)(C)CC(=O)[O-],0.5
CCCCCCCCCCCCCC[N+](C)(C)CC(=O)[O-],0.5,CCCCCCCCCCCCCC[N+](C)(C)CC(=O)[O-],0.5
CCCCCCCCCCCC[N+](C)(C)CC(=O)[O-],0.5,CCCCCCCCCCCC[N+](C)(C)CC(=O)[O-],0.5
CCCCCCCCCCC[N+](C)(C)CC(=O)[O-],0.5,CCCCCCCCCCC[N+](C)(C)CC(=O)[O-],0.5
CCCCCCCCCC[N+](C)(C)CC(=O)[O-],0.5,CCCCCCCCCC[N+](C)(C)CC(=O)[O-],0.5
CCCCCCCC[N+](C)(C)CC(=O)[O-],0.5,CCCCCCCC[N+](C)(C)CC(=O)[O-],0.5
CCCCCCCCCCN(C)C(=O)[C@H](O)[C@@H](O)[C@H](O)[C@H](O)CO,0.5,CCCCCCCCCCN(C)C(=O)[C@H](O)[C@@H](O)[C@H](O)[C@H](O)CO,0.5
CCCCCCCCCCCCN(C)C(=O)[C@H](O)[C@@H](O)[C@H](O)[C@H](O)CO,0.5,CCCCCCCCCCCCN(C)C(=O)[C@H](O)[C@@H](O)[C@H](O)[C@H](O)CO,0.5
CCCCCCCCCCCCCCN(C)C(=O)[C@H](O)[C@@H](O)[C@H](O)[C@H](O)CO,0.5,CCCCCCCCCCCCCCN(C)C(=O)[C@H](O)[C@@H](O)[C@H](O)[C@H](O)CO,0.5
CCCCCCCCCCCCCCCCN(C)C(=O)[C@H](O)[C@@H](O)[C@H](O)[C@H](O)CO,0.5,CCCCCCCCCCCCCCCCN(C)C(=O)[C@H](O)[C@@H](O)[C@H](O)[C@H](O)CO,0.5
CCCCCCCCCCCCCCCCCCN(C)C(=O)[C@H](O)[C@@H](O)[C@H](O)[C@H](O)CO,0.5,CCCCCCCCCCCCCCCCCCN(C)C(=O)[C@H](O)[C@@H](O)[C@H](O)[C@H](O)CO,0.5
CCCCCCCC/C=C\CCCCCCCCN(C)C(=O)[C@H](O)[C@@H](O)[C@H](O)[C@H](O)CO,0.5,CCCCCCCC/C=C\CCCCCCCCN(C)C(=O)[C@H](O)[C@@H](O)[C@H](O)[C@H](O)CO,0.5
CCCCCCCCCCN(C)C(=O)[C@H](O)[C@@H](O)[C@H](OC1OC(O)C(O)C(O)C1O)[C@H](O)CO,0.5,CCCCCCCCCCN(C)C(=O)[C@H](O)[C@@H](O)[C@H](OC1OC(O)C(O)C(O)C1O)[C@H](O)CO,0.5
CCCCCCCCCCCCN(C)C(=O)[C@H](O)[C@@H](O)[C@H](OC1OC(O)C(O)C(O)C1O)[C@H](O)CO,0.5,CCCCCCCCCCCCN(C)C(=O)[C@H](O)[C@@H](O)[C@H](OC1OC(O)C(O)C(O)C1O)[C@H](O)CO,0.5
CCCCCCCCCCCCCCN(C)C(=O)[C@H](O)[C@@H](O)[C@H](OC1OC(O)C(O)C(O)C1O)[C@H](O)CO,0.5,CCCCCCCCCCCCCCN(C)C(=O)[C@H](O)[C@@H](O)[C@H](OC1OC(O)C(O)C(O)C1O)[C@H](O)CO,0.5
CCCCCCCCCCCCCCCCN(C)C(=O)[C@H](O)[C@@H](O)[C@H](OC1OC(O)C(O)C(O)C1O)[C@H](O)CO,0.5,CCCCCCCCCCCCCCCCN(C)C(=O)[C@H](O)[C@@H](O)[C@H](OC1OC(O)C(O)C(O)C1O)[C@H](O)CO,0.5
CCCCCCCCCCCCCCCCCCN(C)C(=O)[C@H](O)[C@@H](O)[C@H](OC1OC(O)C(O)C(O)C1O)[C@H](O)CO,0.5,CCCCCCCCCCCCCCCCCCN(C)C(=O)[C@H](O)[C@@H](O)[C@H](OC1OC(O)C(O)C(O)C1O)[C@H](O)CO,0.5
CCCCCCCC/C=C\CCCCCCCCN(C)C(=O)[C@H](O)[C@@H](O)[C@H](OC1OC(O)C(O)C(O)C1O)[C@H](O)CO,0.5,CCCCCCCC/C=C\CCCCCCCCN(C)C(=O)[C@H](O)[C@@H](O)[C@H](OC1OC(O)C(O)C(O)C1O)[C@H](O)CO,0.5
CCCCCCCCCC[N+](C)(CC(=O)O)Cc1ccccc1,0.5,CCCCCCCCCC[N+](C)(CC(=O)O)Cc1ccccc1,0.5
CCCCCCCCCCCC[N+](C)(CC(=O)O)Cc1ccccc1,0.5,CCCCCCCCCCCC[N+](C)(CC(=O)O)Cc1ccccc1,0.5
CCCCCCCCCCCCOCCOCCOCCOCCO,0.5,CCCCCCCCCCCCOCCOCCOCCOCCO,0.5
CCCCCCCCCCOCCOCCOCCOCCOCCO,0.5,CCCCCCCCCCOCCOCCOCCOCCOCCO,0.5
CCCCCCCCCCCC(=O)NCCOCCOCCOCCO,0.5,CCCCCCCCCCCC(=O)NCCOCCOCCOCCO,0.5
CCCCCCCCCCOCCOCCOCCOCCOCCOCCOCCOCCO,0.5,CCCCCCCCCCOCCOCCOCCOCCOCCOCCOCCOCCO,0.5
CCCCCCCCCCCOCCOCCOCCOCCOCCOCCOCCOCCO,0.5,CCCCCCCCCCCOCCOCCOCCOCCOCCOCCOCCOCCO,0.5
CCCCCCCCCCCCCOCCOCCOCCOCCOCCOCCOCCOCCO,0.5,CCCCCCCCCCCCCOCCOCCOCCOCCOCCOCCOCCOCCO,0.5
CCCCCCCCCCCCCCOCCOCCOCCOCCOCCOCCOCCOCCO,0.5,CCCCCCCCCCCCCCOCCOCCOCCOCCOCCOCCOCCOCCO,0.5
CCCCCCCCCCCCCCCOCCOCCOCCOCCOCCOCCOCCOCCO,0.5,CCCCCCCCCCCCCCCOCCOCCOCCOCCOCCOCCOCCOCCO,0.5
CCCCCCCCCCCCOCCOCCOCCOCCOCCOCCOCCOCCOCCOCCO,0.5,CCCCCCCCCCCCOCCOCCOCCOCCOCCOCCOCCOCCOCCOCCO,0.5
CCCCCCCCCCCC[N+](C)(C)[O-],0.5,CCCCCCCCCCCC[N+](C)(C)[O-],0.5
CCCCCCCCOc1ccc(NC(=O)C[N+](C)(C)CC[N+](C)(C)CC(=O)Nc2ccc(OCCCCCCCC)cc2)cc1,0.5,CCCCCCCCOc1ccc(NC(=O)C[N+](C)(C)CC[N+](C)(C)CC(=O)Nc2ccc(OCCCCCCCC)cc2)cc1,0.5
CCCCCCCCOc1ccc(NC(=O)C[N+](C)(C)CCCC[N+](C)(C)CC(=O)Nc2ccc(OCCCCCCCC)cc2)cc1,0.5,CCCCCCCCOc1ccc(NC(=O)C[N+](C)(C)CCCC[N+](C)(C)CC(=O)Nc2ccc(OCCCCCCCC)cc2)cc1,0.5
CCCCCCCCOc1ccc(NC(=O)C[N+](C)(C)CCCCCC[N+](C)(C)CC(=O)Nc2ccc(OCCCCCCCC)cc2)cc1,0.5,CCCCCCCCOc1ccc(NC(=O)C[N+](C)(C)CCCCCC[N+](C)(C)CC(=O)Nc2ccc(OCCCCCCCC)cc2)cc1,0.5
CCCCCCCCCCOc1ccc(NC(=O)C[N+](C)(C)CC[N+](C)(C)CC(=O)Nc2ccc(OCCCCCCCCCC)cc2)cc1,0.5,CCCCCCCCCCOc1ccc(NC(=O)C[N+](C)(C)CC[N+](C)(C)CC(=O)Nc2ccc(OCCCCCCCCCC)cc2)cc1,0.5
CCCCCCCCCCOc1ccc(NC(=O)C[N+](C)(C)CCCC[N+](C)(C)CC(=O)Nc2ccc(OCCCCCCCCCC)cc2)cc1,0.5,CCCCCCCCCCOc1ccc(NC(=O)C[N+](C)(C)CCCC[N+](C)(C)CC(=O)Nc2ccc(OCCCCCCCCCC)cc2)cc1,0.5
CCCCCCCCCCOc1ccc(NC(=O)C[N+](C)(C)CCCCCC[N+](C)(C)CC(=O)Nc2ccc(OCCCCCCCCCC)cc2)cc1,0.5,CCCCCCCCCCOc1ccc(NC(=O)C[N+](C)(C)CCCCCC[N+](C)(C)CC(=O)Nc2ccc(OCCCCCCCCCC)cc2)cc1,0.5
CCCCCCCCCCCCOc1ccc(NC(=O)C[N+](C)(C)CC[N+](C)(C)CC(=O)Nc2ccc(OCCCCCCCCCCCC)cc2)cc1,0.5,CCCCCCCCCCCCOc1ccc(NC(=O)C[N+](C)(C)CC[N+](C)(C)CC(=O)Nc2ccc(OCCCCCCCCCCCC)cc2)cc1,0.5
CCCCCCCCCCCCOc1ccc(NC(=O)C[N+](C)(C)CCCC[N+](C)(C)CC(=O)Nc2ccc(OCCCCCCCCCCCC)cc2)cc1,0.5,CCCCCCCCCCCCOc1ccc(NC(=O)C[N+](C)(C)CCCC[N+](C)(C)CC(=O)Nc2ccc(OCCCCCCCCCCCC)cc2)cc1,0.5
CCCCCCCCCCCCOc1ccc(NC(=O)C[N+](C)(C)CCCCCC[N+](C)(C)CC(=O)Nc2ccc(OCCCCCCCCCCCC)cc2)cc1,0.5,CCCCCCCCCCCCOc1ccc(NC(=O)C[N+](C)(C)CCCCCC[N+](C)(C)CC(=O)Nc2ccc(OCCCCCCCCCCCC)cc2)cc1,0.5
CCCCCCCCCCCCCCOc1ccc(NC(=O)C[N+](C)(C)CC[N+](C)(C)CC(=O)Nc2ccc(OCCCCCCCCCCCCCC)cc2)cc1,0.5,CCCCCCCCCCCCCCOc1ccc(NC(=O)C[N+](C)(C)CC[N+](C)(C)CC(=O)Nc2ccc(OCCCCCCCCCCCCCC)cc2)cc1,0.5
CCCCCCCCCCCCCCOc1ccc(NC(=O)C[N+](C)(C)CCCC[N+](C)(C)CC(=O)Nc2ccc(OCCCCCCCCCCCCCC)cc2)cc1,0.5,CCCCCCCCCCCCCCOc1ccc(NC(=O)C[N+](C)(C)CCCC[N+](C)(C)CC(=O)Nc2ccc(OCCCCCCCCCCCCCC)cc2)cc1,0.5
CCCCCCCCCCCCCCOc1ccc(NC(=O)C[N+](C)(C)CCCCCC[N+](C)(C)CC(=O)Nc2ccc(OCCCCCCCCCCCCCC)cc2)cc1,0.5,CCCCCCCCCCCCCCOc1ccc(NC(=O)C[N+](C)(C)CCCCCC[N+](C)(C)CC(=O)Nc2ccc(OCCCCCCCCCCCCCC)cc2)cc1,0.5
CCCCCCCCCCCCCCCCOc1ccc(NC(=O)C[N+](C)(C)CC[N+](C)(C)CC(=O)Nc2ccc(OCCCCCCCCCCCCCCCC)cc2)cc1,0.5,CCCCCCCCCCCCCCCCOc1ccc(NC(=O)C[N+](C)(C)CC[N+](C)(C)CC(=O)Nc2ccc(OCCCCCCCCCCCCCCCC)cc2)cc1,0.5
CCCCCCCCCCCCCCCCOc1ccc(NC(=O)C[N+](C)(C)CCCC[N+](C)(C)CC(=O)Nc2ccc(OCCCCCCCCCCCCCCCC)cc2)cc1,0.5,CCCCCCCCCCCCCCCCOc1ccc(NC(=O)C[N+](C)(C)CCCC[N+](C)(C)CC(=O)Nc2ccc(OCCCCCCCCCCCCCCCC)cc2)cc1,0.5
CCCCCCCCCCCCCCCCOc1ccc(NC(=O)C[N+](C)(C)CCCCCC[N+](C)(C)CC(=O)Nc2ccc(OCCCCCCCCCCCCCCCC)cc2)cc1,0.5,CCCCCCCCCCCCCCCCOc1ccc(NC(=O)C[N+](C)(C)CCCCCC[N+](C)(C)CC(=O)Nc2ccc(OCCCCCCCCCCCCCCCC)cc2)cc1,0.5
CCCCCCCCCC[N+](C)(C)CCCCCC[N+](C)(C)CCCCCCCCCC,0.5,CCCCCCCCCC[N+](C)(C)CCCCCC[N+](C)(C)CCCCCCCCCC,0.5
CCCCCCCCCCC(=O)N[N+](C)(C)CCC[N+](C)(C)NC(=O)CCCCCCCCCC,0.5,CCCCCCCCCCC(=O)N[N+](C)(C)CCC[N+](C)(C)NC(=O)CCCCCCCCCC,0.5
CCCCCCCCCC[N+](C)(C)CC(O)C(O)C[N+](C)(C)CCCCCCCCCC,0.5,CCCCCCCCCC[N+](C)(C)CC(O)C(O)C[N+](C)(C)CCCCCCCCCC,0.5
CCCCCCCCCCOc1ccc(NC(=O)C[N+](C)(C)CC[N+](C)(C)CC(=O)Nc2ccc(OCCCCCCCCCC)cc2)cc1,0.5,CCCCCCCCCCOc1ccc(NC(=O)C[N+](C)(C)CC[N+](C)(C)CC(=O)Nc2ccc(OCCCCCCCCCC)cc2)cc1,0.5
CCCCCCCCCCOc1ccc(NC(=O)C[N+](C)(C)CCCC[N+](C)(C)CC(=O)Nc2ccc(OCCCCCCCCCC)cc2)cc1,0.5,CCCCCCCCCCOc1ccc(NC(=O)C[N+](C)(C)CCCC[N+](C)(C)CC(=O)Nc2ccc(OCCCCCCCCCC)cc2)cc1,0.5
CCCCCCCCCCCC(=O)OCC(C)[N+](C)(C)CC(O)CN(CCCCC)CC(O)C[N+](C)(C)C(C)COC(=O)CCCCCCCCCCC,0.5,CCCCCCCCCCCC(=O)OCC(C)[N+](C)(C)CC(O)CN(CCCCC)CC(O)C[N+](C)(C)C(C)COC(=O)CCCCCCCCCCC,0.5
CCCCCCCCCCCC(=O)OCC(C)[N+](C)(C)CC(O)CN(CCCCCC)CC(O)C[N+](C)(C)C(C)COC(=O)CCCCCCCCCCC,0.5,CCCCCCCCCCCC(=O)OCC(C)[N+](C)(C)CC(O)CN(CCCCCC)CC(O)C[N+](C)(C)C(C)COC(=O)CCCCCCCCCCC,0.5
CCCCCCCCCCCC(=O)OCC(C)[N+](C)(C)CC(O)CN(CCCCCCCC)CC(O)C[N+](C)(C)C(C)COC(=O)CCCCCCCCCCC,0.5,CCCCCCCCCCCC(=O)OCC(C)[N+](C)(C)CC(O)CN(CCCCCCCC)CC(O)C[N+](C)(C)C(C)COC(=O)CCCCCCCCCCC,0.5
CCCCCCCCCCCC(=O)OCCC[N+](C)(C)CC(O)CN(CCCCC)CC(O)C[N+](C)(C)CCCOC(=O)CCCCCCCCCCC,0.5,CCCCCCCCCCCC(=O)OCCC[N+](C)(C)CC(O)CN(CCCCC)CC(O)C[N+](C)(C)CCCOC(=O)CCCCCCCCCCC,0.5
CCCCCCCCCCCC(=O)OCCC[N+](C)(C)CC(O)CN(CCCCCC)CC(O)C[N+](C)(C)CCCOC(=O)CCCCCCCCCCC,0.5,CCCCCCCCCCCC(=O)OCCC[N+](C)(C)CC(O)CN(CCCCCC)CC(O)C[N+](C)(C)CCCOC(=O)CCCCCCCCCCC,0.5
CCCCCCCCCCCC(=O)OCCC[N+](C)(C)CC(O)CN(CCCCCCCC)CC(O)C[N+](C)(C)CCCOC(=O)CCCCCCCCCCC,0.5,CCCCCCCCCCCC(=O)OCCC[N+](C)(C)CC(O)CN(CCCCCCCC)CC(O)C[N+](C)(C)CCCOC(=O)CCCCCCCCCCC,0.5
CCCCCCCCCCCC[N+](C)(C)CCCC[N+](C)(C)CCCCCCCCCCCC,0.5,CCCCCCCCCCCC[N+](C)(C)CCCC[N+](C)(C)CCCCCCCCCCCC,0.5
CCCCCCCCCCCC[N+](C)(C)CCCCCC[N+](C)(C)CCCCCCCCCCCC,0.5,CCCCCCCCCCCC[N+](C)(C)CCCCCC[N+](C)(C)CCCCCCCCCCCC,0.5
CCCCCCCCCCCC[N+](C)(C)CCCCCC[N+](C)(C)CCCCCC,0.5,CCCCCCCCCCCC[N+](C)(C)CCCCCC[N+](C)(C)CCCCCC,0.5
CCCCCCCCCCCC[N+](C)(C)CCCCCCC[N+](C)(C)CCCCCCCCCCCC,0.5,CCCCCCCCCCCC[N+](C)(C)CCCCCCC[N+](C)(C)CCCCCCCCCCCC,0.5
CCCCCCCCCCCC[N+](C)(C)C(=O)NCCCCCCCCCCCCNC(=O)[N+](C)(C)CCCCCCCCCCCC,0.5,CCCCCCCCCCCC[N+](C)(C)C(=O)NCCCCCCCCCCCCNC(=O)[N+](C)(C)CCCCCCCCCCCC,0.5
CCCCCCCCCCCC[N+](C)(C)C(=O)NCCNC(=O)[N+](C)(C)CCCCCCCCCCCC,0.5,CCCCCCCCCCCC[N+](C)(C)C(=O)NCCNC(=O)[N+](C)(C)CCCCCCCCCCCC,0.5
CCCCCCCCCCCCC(=O)N[N+](C)(C)CCC[N+](C)(C)NC(=O)CCCCCCCCCCCC,0.5,CCCCCCCCCCCCC(=O)N[N+](C)(C)CCC[N+](C)(C)NC(=O)CCCCCCCCCCCC,0.5
CCCCCCCCCCCC[N+](C)(C)CC(O)CN(CC)CC(O)C[N+](C)(C)CCCCCCCCCCCC,0.5,CCCCCCCCCCCC[N+](C)(C)CC(O)CN(CC)CC(O)C[N+](C)(C)CCCCCCCCCCCC,0.5
CCCCCCCCCCCC[N+](C)(C)CC(O)CN(CCC)CC(O)C[N+](C)(C)CCCCCCCCCCCC,0.5,CCCCCCCCCCCC[N+](C)(C)CC(O)CN(CCC)CC(O)C[N+](C)(C)CCCCCCCCCCCC,0.5
CCCCCCCCCCCC[N+](C)(C)CC(O)CN(CCCC)CC(O)C[N+](C)(C)CCCCCCCCCCCC,0.5,CCCCCCCCCCCC[N+](C)(C)CC(O)CN(CCCC)CC(O)C[N+](C)(C)CCCCCCCCCCCC,0.5
CCCCCCCCCCCC[N+](C)(C)CC(O)CN(CCCCC)CC(O)C[N+](C)(C)CCCCCCCCCCCC,0.5,CCCCCCCCCCCC[N+](C)(C)CC(O)CN(CCCCC)CC(O)C[N+](C)(C)CCCCCCCCCCCC,0.5
CCCCCCCCCCCC[N+](C)(C)CC(O)C(O)C[N+](C)(C)CCCCCCCCCCCC,0.5,CCCCCCCCCCCC[N+](C)(C)CC(O)C(O)C[N+](C)(C)CCCCCCCCCCCC,0.5
CCCCCCCCCCCCOc1ccc(NC(=O)C[N+](C)(C)CC[N+](C)(C)CC(=O)Nc2ccc(OCCCCCCCCCCCC)cc2)cc1,0.5,CCCCCCCCCCCCOc1ccc(NC(=O)C[N+](C)(C)CC[N+](C)(C)CC(=O)Nc2ccc(OCCCCCCCCCCCC)cc2)cc1,0.5
CCCCCCCCCCCCOc1ccc(NC(=O)C[N+](C)(C)CCCC[N+](C)(C)CC(=O)Nc2ccc(OCCCCCCCCCCCC)cc2)cc1,0.5,CCCCCCCCCCCCOc1ccc(NC(=O)C[N+](C)(C)CCCC[N+](C)(C)CC(=O)Nc2ccc(OCCCCCCCCCCCC)cc2)cc1,0.5
CCCCCCCCCCn1cc[n+](CC(O)C[n+]2ccn(CCCCCCCCCC)c2)c1,0.5,CCCCCCCCCCn1cc[n+](CC(O)C[n+]2ccn(CCCCCCCCCC)c2)c1,0.5
CCCCCCCCCCn1cc[n+](CCC[n+]2ccn(CCCCCCCCCC)c2)c1,0.5,CCCCCCCCCCn1cc[n+](CCC[n+]2ccn(CCCCCCCCCC)c2)c1,0.5
CCCCCCCCCCn1cc[n+](CCCC[n+]2ccn(CCCCCCCCCC)c2)c1,0.5,CCCCCCCCCCn1cc[n+](CCCC[n+]2ccn(CCCCCCCCCC)c2)c1,0.5
CCCCCCCCCCC(O)Cn1cc[n+](CCC[n+]2ccn(CC(O)CCCCCCCCCC)c2)c1,0.5,CCCCCCCCCCC(O)Cn1cc[n+](CCC[n+]2ccn(CC(O)CCCCCCCCCC)c2)c1,0.5
CCCCCCCCCCC(O)Cn1cc[n+](CCCC[n+]2ccn(CC(O)CCCCCCCCCC)c2)c1,0.5,CCCCCCCCCCC(O)Cn1cc[n+](CCCC[n+]2ccn(CC(O)CCCCCCCCCC)c2)c1,0.5
CCCCCCCCCCCCn1cc[n+](CC(O)C[n+]2ccn(CCCCCCCCCCCC)c2)c1,0.5,CCCCCCCCCCCCn1cc[n+](CC(O)C[n+]2ccn(CCCCCCCCCCCC)c2)c1,0.5
CCCCCCCCCCCCn1cc[n+](CC[n+]2ccn(CCCCCCCCCCCC)c2)c1,0.5,CCCCCCCCCCCCn1cc[n+](CC[n+]2ccn(CCCCCCCCCCCC)c2)c1,0.5
CCCCCCCCCCCCn1cc[n+](CCCC[n+]2ccn(CCCCCCCCCCCC)c2)c1,0.5,CCCCCCCCCCCCn1cc[n+](CCCC[n+]2ccn(CCCCCCCCCCCC)c2)c1,0.5
CCCCCCCCCCCCn1cc[n+](CCCCCC[n+]2ccn(CCCCCCCCCCCC)c2)c1,0.5,CCCCCCCCCCCCn1cc[n+](CCCCCC[n+]2ccn(CCCCCCCCCCCC)c2)c1,0.5
CCCCCCCCCCc1cccc[n+]1CCCC[n+]1ccccc1CCCCCCCCCC,0.5,CCCCCCCCCCc1cccc[n+]1CCCC[n+]1ccccc1CCCCCCCCCC,0.5
CCCCCCCCCCc1cccc[n+]1CCCCCC[n+]1ccccc1CCCCCCCCCC,0.5,CCCCCCCCCCc1cccc[n+]1CCCCCC[n+]1ccccc1CCCCCCCCCC,0.5
CCCCCCCCCCOc1ccc[n+](CC(O)C[n+]2cccc(OCCCCCCCCCC)c2)c1,0.5,CCCCCCCCCCOc1ccc[n+](CC(O)C[n+]2cccc(OCCCCCCCCCC)c2)c1,0.5
CCCCCCCCCCC(CSCCSCC(CCCCCCCCCC)[n+]1ccccc1)[n+]1ccccc1,0.5,CCCCCCCCCCC(CSCCSCC(CCCCCCCCCC)[n+]1ccccc1)[n+]1ccccc1,0.5
CCCCCCCCCCCC[n+]1cccc(NC(=O)Nc2ccc[n+](CCCCCCCCCCCC)c2)c1,0.5,CCCCCCCCCCCC[n+]1cccc(NC(=O)Nc2ccc[n+](CCCCCCCCCCCC)c2)c1,0.5
CCCCCCCCCCCCOc1ccc[n+](CCCC[n+]2cccc(OCCCCCCCCCCCC)c2)c1,0.5,CCCCCCCCCCCCOc1ccc[n+](CCCC[n+]2cccc(OCCCCCCCCCCCC)c2)c1,0.5
CCCCCCCCCCCCOc1ccc[n+](CCC[n+]2cccc(OCCCCCCCCCCCC)c2)c1,0.5,CCCCCCCCCCCCOc1ccc[n+](CCC[n+]2cccc(OCCCCCCCCCCCC)c2)c1,0.5
CCCCCCCC[N+](C)(C)CCOCC[N+](C)(C)CCCCCCCC,0.5,CCCCCCCC[N+](C)(C)CCOCC[N+](C)(C)CCCCCCCC,0.5
CCCCCCCCCC[N+](C)(C)CCOCC[N+](C)(C)CCCCCCCCCC,0.5,CCCCCCCCCC[N+](C)(C)CCOCC[N+](C)(C)CCCCCCCCCC,0.5
CCCCCCCCCCCC[N+](C)(C)CCOCC[N+](C)(C)CCCCCCCCCCCC,0.5,CCCCCCCCCCCC[N+](C)(C)CCOCC[N+](C)(C)CCCCCCCCCCCC,0.5
CCCCCCCCCCCCCC[N+](C)(C)CCOCC[N+](C)(C)CCCCCCCCCCCCCC,0.5,CCCCCCCCCCCCCC[N+](C)(C)CCOCC[N+](C)(C)CCCCCCCCCCCCCC,0.5
Cn1cc[n+](COCCOC[n+]2ccn(C)c2)c1,0.5,Cn1cc[n+](COCCOC[n+]2ccn(C)c2)c1,0.5
Cn1cc[n+](COCCCOC[n+]2ccn(C)c2)c1,0.5,Cn1cc[n+](COCCCOC[n+]2ccn(C)c2)c1,0.5
CCn1cc[n+](COCCOC[n+]2ccn(CC)c2)c1,0.5,CCn1cc[n+](COCCOC[n+]2ccn(CC)c2)c1,0.5
Cn1cc[n+](COCCCCCOC[n+]2ccn(C)c2)c1,0.5,Cn1cc[n+](COCCCCCOC[n+]2ccn(C)c2)c1,0.5
CCn1cc[n+](COCCCOC[n+]2ccn(CC)c2)c1,0.5,CCn1cc[n+](COCCCOC[n+]2ccn(CC)c2)c1,0.5
CCn1cc[n+](COCCCCOC[n+]2ccn(CC)c2)c1,0.5,CCn1cc[n+](COCCCCOC[n+]2ccn(CC)c2)c1,0.5
CCn1cc[n+](COCCCCCOC[n+]2ccn(CC)c2)c1,0.5,CCn1cc[n+](COCCCCCOC[n+]2ccn(CC)c2)c1,0.5
CCn1cc[n+](COCCCCCCOC[n+]2ccn(CC)c2)c1,0.5,CCn1cc[n+](COCCCCCCOC[n+]2ccn(CC)c2)c1,0.5
CCCn1cc[n+](COCCOC[n+]2ccn(CCC)c2)c1,0.5,CCCn1cc[n+](COCCOC[n+]2ccn(CCC)c2)c1,0.5
CCCn1cc[n+](COCCCCOC[n+]2ccn(CCC)c2)c1,0.5,CCCn1cc[n+](COCCCCOC[n+]2ccn(CCC)c2)c1,0.5
CCCCn1cc[n+](COCCOC[n+]2ccn(CCCC)c2)c1,0.5,CCCCn1cc[n+](COCCOC[n+]2ccn(CCCC)c2)c1,0.5
CCCn1cc[n+](COCCCCCOC[n+]2ccn(CCC)c2)c1,0.5,CCCn1cc[n+](COCCCCCOC[n+]2ccn(CCC)c2)c1,0.5
CCCCn1cc[n+](COCCCOC[n+]2ccn(CCCC)c2)c1,0.5,CCCCn1cc[n+](COCCCOC[n+]2ccn(CCCC)c2)c1,0.5
CCCn1cc[n+](COCCCCCCOC[n+]2ccn(CCC)c2)c1,0.5,CCCn1cc[n+](COCCCCCCOC[n+]2ccn(CCC)c2)c1,0.5
CCCCn1cc[n+](COCCCCCOC[n+]2ccn(CCCC)c2)c1,0.5,CCCCn1cc[n+](COCCCCCOC[n+]2ccn(CCCC)c2)c1,0.5
CCCCCn1cc[n+](COCCOC[n+]2ccn(CCCCC)c2)c1,0.5,CCCCCn1cc[n+](COCCOC[n+]2ccn(CCCCC)c2)c1,0.5
CCCCCn1cc[n+](COCCCOC[n+]2ccn(CCCCC)c2)c1,0.5,CCCCCn1cc[n+](COCCCOC[n+]2ccn(CCCCC)c2)c1,0.5
CCCCCn1cc[n+](COCCCCOC[n+]2ccn(CCCCC)c2)c1,0.5,CCCCCn1cc[n+](COCCCCOC[n+]2ccn(CCCCC)c2)c1,0.5
CCCCn1cc[n+](COCCCCCCOC[n+]2ccn(CCCC)c2)c1,0.5,CCCCn1cc[n+](COCCCCCCOC[n+]2ccn(CCCC)c2)c1,0.5
CCCCCn1cc[n+](COCCCCCCOC[n+]2ccn(CCCCC)c2)c1,0.5,CCCCCn1cc[n+](COCCCCCCOC[n+]2ccn(CCCCC)c2)c1,0.5
CCCCCCn1cc[n+](COCCCCOC[n+]2ccn(CCCCCC)c2)c1,0.5,CCCCCCn1cc[n+](COCCCCOC[n+]2ccn(CCCCCC)c2)c1,0.5
CCCCCCCn1cc[n+](COCCOC[n+]2ccn(CCCCCCC)c2)c1,0.5,CCCCCCCn1cc[n+](COCCOC[n+]2ccn(CCCCCCC)c2)c1,0.5
CCCCCCn1cc[n+](COCCCCCOC[n+]2ccn(CCCCCC)c2)c1,0.5,CCCCCCn1cc[n+](COCCCCCOC[n+]2ccn(CCCCCC)c2)c1,0.5
CCCCCCCn1cc[n+](COCCCOC[n+]2ccn(CCCCCCC)c2)c1,0.5,CCCCCCCn1cc[n+](COCCCOC[n+]2ccn(CCCCCCC)c2)c1,0.5
CCCCCCCn1cc[n+](COCCCCOC[n+]2ccn(CCCCCCC)c2)c1,0.5,CCCCCCCn1cc[n+](COCCCCOC[n+]2ccn(CCCCCCC)c2)c1,0.5
CCCCCCn1cc[n+](COCCCCCCOC[n+]2ccn(CCCCCC)c2)c1,0.5,CCCCCCn1cc[n+](COCCCCCCOC[n+]2ccn(CCCCCC)c2)c1,0.5
CCCCCCCCn1cc[n+](COCCOC[n+]2ccn(CCCCCCCC)c2)c1,0.5,CCCCCCCCn1cc[n+](COCCOC[n+]2ccn(CCCCCCCC)c2)c1,0.5
CCCCCCCCn1cc[n+](COCCCOC[n+]2ccn(CCCCCCCC)c2)c1,0.5,CCCCCCCCn1cc[n+](COCCCOC[n+]2ccn(CCCCCCCC)c2)c1,0.5
CCCCCCCn1cc[n+](COCCCCCOC[n+]2ccn(CCCCCCC)c2)c1,0.5,CCCCCCCn1cc[n+](COCCCCCOC[n+]2ccn(CCCCCCC)c2)c1,0.5
CCCCCCCCn1cc[n+](COCCCCOC[n+]2ccn(CCCCCCCC)c2)c1,0.5,CCCCCCCCn1cc[n+](COCCCCOC[n+]2ccn(CCCCCCCC)c2)c1,0.5
CCCCCCCn1cc[n+](COCCCCCCOC[n+]2ccn(CCCCCCC)c2)c1,0.5,CCCCCCCn1cc[n+](COCCCCCCOC[n+]2ccn(CCCCCCC)c2)c1,0.5
CCCCCCCCCn1cc[n+](COCCOC[n+]2ccn(CCCCCCCCC)c2)c1,0.5,CCCCCCCCCn1cc[n+](COCCOC[n+]2ccn(CCCCCCCCC)c2)c1,0.5
CCCCCCCCCn1cc[n+](COCCCOC[n+]2ccn(CCCCCCCCC)c2)c1,0.5,CCCCCCCCCn1cc[n+](COCCCOC[n+]2ccn(CCCCCCCCC)c2)c1,0.5
CCCCCCCCn1cc[n+](COCCCCCCOC[n+]2ccn(CCCCCCCC)c2)c1,0.5,CCCCCCCCn1cc[n+](COCCCCCCOC[n+]2ccn(CCCCCCCC)c2)c1,0.5
CCCCCCCCCn1cc[n+](COCCCCOC[n+]2ccn(CCCCCCCCC)c2)c1,0.5,CCCCCCCCCn1cc[n+](COCCCCOC[n+]2ccn(CCCCCCCCC)c2)c1,0.5
CCCCCCCCCn1cc[n+](COCCCCCOC[n+]2ccn(CCCCCCCCC)c2)c1,0.5,CCCCCCCCCn1cc[n+](COCCCCCOC[n+]2ccn(CCCCCCCCC)c2)c1,0.5
CCCCCCCCCCCC[N+](C)(C)CCCNCCC[N+](C)(C)CCCCCCCCCCCC,0.5,CCCCCCCCCCCC[N+](C)(C)CCCNCCC[N+](C)(C)CCCCCCCCCCCC,0.5
CCCCCCCCCCn1cc[n+](COCCCOC[n+]2ccn(CCCCCCCCCC)c2)c1,0.5,CCCCCCCCCCn1cc[n+](COCCCOC[n+]2ccn(CCCCCCCCCC)c2)c1,0.5
CCCCCCCCCn1cc[n+](COCCCCCCOC[n+]2ccn(CCCCCCCCC)c2)c1,0.5,CCCCCCCCCn1cc[n+](COCCCCCCOC[n+]2ccn(CCCCCCCCC)c2)c1,0.5
CCCCCCCCCCn1cc[n+](COCCCCOC[n+]2ccn(CCCCCCCCCC)c2)c1,0.5,CCCCCCCCCCn1cc[n+](COCCCCOC[n+]2ccn(CCCCCCCCCC)c2)c1,0.5
CCCCCCCCCCCn1cc[n+](COCCOC[n+]2ccn(CCCCCCCCCCC)c2)c1,0.5,CCCCCCCCCCCn1cc[n+](COCCOC[n+]2ccn(CCCCCCCCCCC)c2)c1,0.5
CCCCCCCCCCCn1cc[n+](COCCCOC[n+]2ccn(CCCCCCCCCCC)c2)c1,0.5,CCCCCCCCCCCn1cc[n+](COCCCOC[n+]2ccn(CCCCCCCCCCC)c2)c1,0.5
CCCCCCCCCCn1cc[n+](COCCCCCOC[n+]2ccn(CCCCCCCCCC)c2)c1,0.5,CCCCCCCCCCn1cc[n+](COCCCCCOC[n+]2ccn(CCCCCCCCCC)c2)c1,0.5
CCCCCCCCCCn1cc[n+](COCCCCCCOC[n+]2ccn(CCCCCCCCCC)c2)c1,0.5,CCCCCCCCCCn1cc[n+](COCCCCCCOC[n+]2ccn(CCCCCCCCCC)c2)c1,0.5
CCCCCCCCCCCn1cc[n+](COCCCCOC[n+]2ccn(CCCCCCCCCCC)c2)c1,0.5,CCCCCCCCCCCn1cc[n+](COCCCCOC[n+]2ccn(CCCCCCCCCCC)c2)c1,0.5
CCCCCCCCCCCCn1cc[n+](COCCOC[n+]2ccn(CCCCCCCCCCCC)c2)c1,0.5,CCCCCCCCCCCCn1cc[n+](COCCOC[n+]2ccn(CCCCCCCCCCCC)c2)c1,0.5
CCCCCCCCCCCn1cc[n+](COCCCCCOC[n+]2ccn(CCCCCCCCCCC)c2)c1,0.5,CCCCCCCCCCCn1cc[n+](COCCCCCOC[n+]2ccn(CCCCCCCCCCC)c2)c1,0.5
CCCCCCCCCCCCn1cc[n+](COCCCOC[n+]2ccn(CCCCCCCCCCCC)c2)c1,0.5,CCCCCCCCCCCCn1cc[n+](COCCCOC[n+]2ccn(CCCCCCCCCCCC)c2)c1,0.5
CCCCCCCCCCCn1cc[n+](COCCCCCCOC[n+]2ccn(CCCCCCCCCCC)c2)c1,0.5,CCCCCCCCCCCn1cc[n+](COCCCCCCOC[n+]2ccn(CCCCCCCCCCC)c2)c1,0.5
CCCCCCCCCCCCn1cc[n+](CCC[n+]2ccn(CCCCCCCCCCCC)c2)c1,0.5,CCCCCCCCCCCCn1cc[n+](CCC[n+]2ccn(CCCCCCCCCCCC)c2)c1,0.5
CCCCCCCCCCCCC[N+](C)(C)CCCCCC[N+](C)(C)CCCCCCCCCCC,0.5,CCCCCCCCCCCCC[N+](C)(C)CCCCCC[N+](C)(C)CCCCCCCCCCC,0.5
CCCCCCCCCCCCCC[N+](C)(C)CCCCCC[N+](C)(C)CCCCCCCCCC,0.5,CCCCCCCCCCCCCC[N+](C)(C)CCCCCC[N+](C)(C)CCCCCCCCCC,0.5
CCCCCCCCCCCCCC[N+](C)(C)CCCCCC[N+](C)(C)CCCCCC,0.5,CCCCCCCCCCCCCC[N+](C)(C)CCCCCC[N+](C)(C)CCCCCC,0.5
CCCCCCCC[N+]1(CC#CC[N+]2(CCCCCCCC)CCCC2)CCCC1,0.5,CCCCCCCC[N+]1(CC#CC[N+]2(CCCCCCCC)CCCC2)CCCC1,0.5
CCCC[N+](C)(C)CCOCC[N+](C)(C)CCCC,0.5,CCCC[N+](C)(C)CCOCC[N+](C)(C)CCCC,0.5
CCCCCC[N+](C)(C)CCOCC[N+](C)(C)CCCCCC,0.5,CCCCCC[N+](C)(C)CCOCC[N+](C)(C)CCCCCC,0.5
CCCCCCCC[N+]1(CC#CC[N+]2(CCCCCCCC)CCCCC2)CCCCC1,0.5,CCCCCCCC[N+]1(CC#CC[N+]2(CCCCCCCC)CCCCC2)CCCCC1,0.5
Cn1cc[n+](COCCCCOC[n+]2ccn(C)c2)c1,0.5,Cn1cc[n+](COCCCCOC[n+]2ccn(C)c2)c1,0.5
Cn1cc[n+](COCCCCCCOC[n+]2ccn(C)c2)c1,0.5,Cn1cc[n+](COCCCCCCOC[n+]2ccn(C)c2)c1,0.5
CCCn1cc[n+](COCCCOC[n+]2ccn(CCC)c2)c1,0.5,CCCn1cc[n+](COCCCOC[n+]2ccn(CCC)c2)c1,0.5
CCCCn1cc[n+](COCCCCOC[n+]2ccn(CCCC)c2)c1,0.5,CCCCn1cc[n+](COCCCCOC[n+]2ccn(CCCC)c2)c1,0.5
CCCCCn1cc[n+](COCCCCCOC[n+]2ccn(CCCCC)c2)c1,0.5,CCCCCn1cc[n+](COCCCCCOC[n+]2ccn(CCCCC)c2)c1,0.5
CCCCCCn1cc[n+](COCCOC[n+]2ccn(CCCCCC)c2)c1,0.5,CCCCCCn1cc[n+](COCCOC[n+]2ccn(CCCCCC)c2)c1,0.5
CCCCCCn1cc[n+](COCCCOC[n+]2ccn(CCCCCC)c2)c1,0.5,CCCCCCn1cc[n+](COCCCOC[n+]2ccn(CCCCCC)c2)c1,0.5
CCCCCCCCn1cc[n+](COCCCCCOC[n+]2ccn(CCCCCCCC)c2)c1,0.5,CCCCCCCCn1cc[n+](COCCCCCOC[n+]2ccn(CCCCCCCC)c2)c1,0.5
CCCCCCCCCCn1cc[n+](COCCOC[n+]2ccn(CCCCCCCCCC)c2)c1,0.5,CCCCCCCCCCn1cc[n+](COCCOC[n+]2ccn(CCCCCCCCCC)c2)c1,0.5
CCCCCCCCCCCCOC(=O)C[n+]1ccc(CCCc2cc[n+](CC(=O)OCCCCCCCCCCCC)cc2)cc1,0.5,CCCCCCCCCCCCOC(=O)C[n+]1ccc(CCCc2cc[n+](CC(=O)OCCCCCCCCCCCC)cc2)cc1,0.5
CCCCCCCCCCCCCCCC[N+]1(CCCC[N+]2(CCCCCCCCCCCCCCCC)CCCC2)CCCC1,0.5,CCCCCCCCCCCCCCCC[N+]1(CCCC[N+]2(CCCCCCCCCCCCCCCC)CCCC2)CCCC1,0.5
CCCCCCCCCCCCOCC(O)Cn1cc[n+](CCC[n+]2ccn(CC(O)COCCCCCCCCCCCC)c2)c1,0.5,CCCCCCCCCCCCOCC(O)Cn1cc[n+](CCC[n+]2ccn(CC(O)COCCCCCCCCCCCC)c2)c1,0.5
CCCCCCCCCCCCCCCCCC[N+]1(CC#CC[N+]2(CCCCCCCCCCCCCCCCCC)CCCC2)CCCC1,0.5,CCCCCCCCCCCCCCCCCC[N+]1(CC#CC[N+]2(CCCCCCCCCCCCCCCCCC)CCCC2)CCCC1,0.5
CCCCCCCCCCCC[N+]1(CCCCCCCCCCCCCCCC[N+]2(CCCCCCCCCCCC)CCCC2)CCCC1,0.5,CCCCCCCCCCCC[N+]1(CCCCCCCCCCCCCCCC[N+]2(CCCCCCCCCCCC)CCCC2)CCCC1,0.5
CCCCCCCCCCCCCCCCn1cc[n+](CC(O)C[n+]2ccn(CCCCCCCCCCCCCCCC)c2)c1,0.5,CCCCCCCCCCCCCCCCn1cc[n+](CC(O)C[n+]2ccn(CCCCCCCCCCCCCCCC)c2)c1,0.5
CCCCCCCCCCCCCCCCOc1ccc(NC(=O)C[N+](C)(C)CCCC[N+](C)(C)CC(=O)Nc2ccc(OCCCCCCCCCCCCCCCC)cc2)cc1,0.5,CCCCCCCCCCCCCCCCOc1ccc(NC(=O)C[N+](C)(C)CCCC[N+](C)(C)CC(=O)Nc2ccc(OCCCCCCCCCCCCCCCC)cc2)cc1,0.5
CCCCCCCCCCCCCCCCOc1ccc(NC(=O)C[N+](C)(C)CC[N+](C)(C)CC(=O)Nc2ccc(OCCCCCCCCCCCCCCCC)cc2)cc1,0.5,CCCCCCCCCCCCCCCCOc1ccc(NC(=O)C[N+](C)(C)CC[N+](C)(C)CC(=O)Nc2ccc(OCCCCCCCCCCCCCCCC)cc2)cc1,0.5
CCCCCCCCCCCCCCOc1ccc(NC(=O)C[N+](C)(C)CCCCCC[N+](C)(C)CC(=O)Nc2ccc(OCCCCCCCCCCCCCC)cc2)cc1,0.5,CCCCCCCCCCCCCCOc1ccc(NC(=O)C[N+](C)(C)CCCCCC[N+](C)(C)CC(=O)Nc2ccc(OCCCCCCCCCCCCCC)cc2)cc1,0.5
CCCCCCCCCCOc1ccc(NC(=O)C[N+](C)(C)CCCCCC[N+](C)(C)CC(=O)Nc2ccc(OCCCCCCCCCC)cc2)cc1,0.5,CCCCCCCCCCOc1ccc(NC(=O)C[N+](C)(C)CCCCCC[N+](C)(C)CC(=O)Nc2ccc(OCCCCCCCCCC)cc2)cc1,0.5
CCCCCCCCCCCCCCOc1ccc[n+](CC[n+]2cccc(OCCCCCCCCCCCCCC)c2)c1,0.5,CCCCCCCCCCCCCCOc1ccc[n+](CC[n+]2cccc(OCCCCCCCCCCCCCC)c2)c1,0.5
CCCCCCCCCCCCCCCCCC[N+](C)CCOCC[N+](C)(C)CCCCCCCCCCCCCCCCCC,0.5,CCCCCCCCCCCCCCCCCC[N+](C)CCOCC[N+](C)(C)CCCCCCCCCCCCCCCCCC,0.5
CCCCCCCCCCCCCCCC[N+](C)(C)CCOCC[N+](C)(C)CCCCCCCCCCCCCCCC,0.5,CCCCCCCCCCCCCCCC[N+](C)(C)CCOCC[N+](C)(C)CCCCCCCCCCCCCCCC,0.5
CCCCCCCCCCCCCCOc1ccc[n+](CCCC[n+]2cccc(OCCCCCCCCCCCCCC)c2)c1,0.5,CCCCCCCCCCCCCCOc1ccc[n+](CCCC[n+]2cccc(OCCCCCCCCCCCCCC)c2)c1,0.5
CCCCCCCCCCCCCCOc1ccc[n+](CCC[n+]2cccc(OCCCCCCCCCCCCCC)c2)c1,0.5,CCCCCCCCCCCCCCOc1ccc[n+](CCC[n+]2cccc(OCCCCCCCCCCCCCC)c2)c1,0.5
CCCCCCCCCCCCCCOc1ccc[n+](CC(O)C[n+]2cccc(OCCCCCCCCCCCCCC)c2)c1,0.5,CCCCCCCCCCCCCCOc1ccc[n+](CC(O)C[n+]2cccc(OCCCCCCCCCCCCCC)c2)c1,0.5
CCCCCCCCCCCCCCC(CSCCSCC(CCCCCCCCCCCCCC)[n+]1ccccc1)[n+]1ccccc1,0.5,CCCCCCCCCCCCCCC(CSCCSCC(CCCCCCCCCCCCCC)[n+]1ccccc1)[n+]1ccccc1,0.5
CCCCCCCCCCCCCCCCC(=O)OCC[n+]1ccc(CCCc2cc[n+](CCOC(=O)CCCCCCCCCCCCCCCC)cc2)cc1,0.5,CCCCCCCCCCCCCCCCC(=O)OCC[n+]1ccc(CCCc2cc[n+](CCOC(=O)CCCCCCCCCCCCCCCC)cc2)cc1,0.5
CCCCCCCCCCCCCCCCC(=O)OCC[n+]1ccc(CCCc2cc[n+](CCOC(=O)CCCCCCCCCCCCCCCC)cc2)cc1,0.5,CCCCCCCCCCCCCCCCC(=O)OCC[n+]1ccc(CCCc2cc[n+](CCOC(=O)CCCCCCCCCCCCCCCC)cc2)cc1,0.5
CCCCCCCCCCCCC(CSCCSCC(CCCCCCCCCCCC)[n+]1ccn(C)c1)[n+]1ccn(C)c1,0.5,CCCCCCCCCCCCC(CSCCSCC(CCCCCCCCCCCC)[n+]1ccn(C)c1)[n+]1ccn(C)c1,0.5
CCCCCCCCCCCCC(CSCCCSCC(CCCCCCCCCCCC)[n+]1ccn(C)c1)[n+]1ccn(C)c1,0.5,CCCCCCCCCCCCC(CSCCCSCC(CCCCCCCCCCCC)[n+]1ccn(C)c1)[n+]1ccn(C)c1,0.5
CCCCCCCCCCCCC(CSCCCCSCC(CCCCCCCCCCCC)[n+]1ccn(C)c1)[n+]1ccn(C)c1,0.5,CCCCCCCCCCCCC(CSCCCCSCC(CCCCCCCCCCCC)[n+]1ccn(C)c1)[n+]1ccn(C)c1,0.5
CCCCCCCCCCCCCCOCC(O)Cn1cc[n+](CCC[n+]2ccn(CC(O)COCCCCCCCCCCCCCC)c2)c1,0.5,CCCCCCCCCCCCCCOCC(O)Cn1cc[n+](CCC[n+]2ccn(CC(O)COCCCCCCCCCCCCCC)c2)c1,0.5
CCCCCCCCCCCCCCC(CSCCSCC(CCCCCCCCCCCCCC)[n+]1ccn(C)c1)[n+]1ccn(C)c1,0.5,CCCCCCCCCCCCCCC(CSCCSCC(CCCCCCCCCCCCCC)[n+]1ccn(C)c1)[n+]1ccn(C)c1,0.5
CCCCCCCCCCCCCCC(CSCCCSCC(CCCCCCCCCCCCCC)[n+]1ccn(C)c1)[n+]1ccn(C)c1,0.5,CCCCCCCCCCCCCCC(CSCCCSCC(CCCCCCCCCCCCCC)[n+]1ccn(C)c1)[n+]1ccn(C)c1,0.5
CCCCCCCCCCCCCCC(CSCCCCSCC(CCCCCCCCCCCCCC)[n+]1ccn(C)c1)[n+]1ccn(C)c1,0.5,CCCCCCCCCCCCCCC(CSCCCCSCC(CCCCCCCCCCCCCC)[n+]1ccn(C)c1)[n+]1ccn(C)c1,0.5
CCCCCCCCCCCCCCCC(=O)OCC(COC(=O)CCCCCCCCCCCCCCC)(C[n+]1ccn(C)c1)C[n+]1ccn(C)c1,0.5,CCCCCCCCCCCCCCCC(=O)OCC(COC(=O)CCCCCCCCCCCCCCC)(C[n+]1ccn(C)c1)C[n+]1ccn(C)c1,0.5
